xi,loc,scale,p,R
-0.05106871640646586,-31.174470987805012,3.887940151901778,0.0184517667777021,54.19535224173994
0.0005507489223180828,-30.840042358329804,3.345171446250104,0.006445600928804019,155.14457240615266
-0.4899843459957708,-32.27738382059316,2.6208585685647887,0.0470898567089656,21.235995814988467
-0.599946250091816,-32.194288771763055,3.170067462304421,0.07987968882312141,12.518826935021147
-0.1269650696717001,-30.489469822634327,3.386331352158987,0.022316950494575168,44.80898948281851
-0.0015059652600569197,-28.746574537969757,3.6052163880822796,0.01680199527907997,59.51674092213869
-0.5173032179102727,-32.69835749031941,2.1041616265447924,0.03518671053503076,28.41982057414637
-0.006960410056932641,-30.308933420071483,3.3286566317138346,0.008051466314189397,124.20097917290705
0.03653862980895212,-30.063358289787416,3.404077480814437,0.0056152431356077575,178.08667867981222
-0.27945079281588614,-31.239677624669405,2.4185569640135043,0.019612323780895616,50.98834850840577
-0.6707422913900831,-32.81926088151063,1.5029696979807343,0.03480195068532619,28.734021522007318
-0.37697920515505573,-31.57967448126794,2.9237984409074285,0.042354582643640615,23.61019605395985
0.04252345422420706,-30.271627225159442,3.922649366008729,0.010370044958023274,96.43159736027016
-0.04106786389298378,-31.32458708989379,3.1667392065278577,0.007163848999225612,139.58976523766714
0.023188004894524814,-30.73399485299352,3.7253903568330196,0.008670850714866325,115.32893748078058
-0.31192099858130784,-30.754474092722212,3.2209138539304867,0.04443925655372957,22.502626676279867
-0.12638876899833207,-30.741640259757382,2.9619189822146392,0.013952804205285572,71.67018079571288
-0.359834178157979,-31.74008994803939,3.0552608769619822,0.042581264674684996,23.48450680457385
-0.22265321341706554,-32.38279900604195,2.4912947750010064,0.01263406607434629,79.15108201234746
0.049819529100042996,-30.941376009765747,2.673296731325922,0.0004927669028430613,2029.357073761272
-0.37999402521969505,-31.137502637217835,3.3791028045558242,0.05750223933043356,17.390627071991982
0.04954539578601571,-29.852190016485295,3.902785459739645,0.010667766448064058,93.74033494907229
-0.2807620575317724,-30.976067610210848,3.905677569526609,0.05669398348155315,17.638555955860394
0.11277450009506186,-29.984679350762427,3.822135969734358,0.003486636532606733,286.80936215980176
0.049787891827425886,-30.50793389437888,3.83438272839716,0.007833617039504514,127.6549510854377
0.03857442420626721,-29.023122248018048,4.348121805145822,0.024226426556292008,41.27723903797456
-0.1281075485719088,-30.505615841670746,3.0636171725772927,0.016486682499724622,60.655016557558085
-0.6759758725307885,-32.33010120544027,2.1755819507405807,0.05826758513007241,17.16220086635942
0.0892998610807456,-30.71516306998202,3.9072523627077596,0.004552682065076612,219.65074338727672
-0.5609307021394067,-32.187427088067864,2.7531945198276726,0.0612714285945969,16.320820697955508
-0.07202357808798317,-30.69202204385492,3.577539518052471,0.01774875630136738,56.34197591202258
-0.24175841997617592,-31.41560406582075,3.5781554690347823,0.03927202492590415,25.46341834643703
-0.4101619329398748,-31.25305125549052,3.083230748702441,0.05315865619142812,18.81161172319572
0.11670836172234397,-29.804924193791525,4.554697375526665,0.011629437430919516,85.9886822505508
-0.04981635751511142,-31.049429810613766,3.2530936382322064,0.009453883143715607,105.77664064577972
0.10166210060883349,-29.638170775314002,3.755752416246653,0.004442397230080697,225.10368798826096
-0.005537592369580806,-29.894698456307808,3.2886935088826563,0.008447978955364354,118.37150699399096
-0.24430280919169794,-30.553131920903297,3.679133076339035,0.04692219985483392,21.31187376324557
0.09304160200915451,-30.61317852799671,3.9736567244430065,0.005004678586452563,199.8130314915636
-0.12764120057087291,-30.367969575300663,3.4763134964843765,0.024734299509940706,40.429687511388806
-0.13834929083090225,-29.495730546125984,4.056628016904426,0.045508500282383096,21.973916824218275
-0.5423995147295355,-32.33268024641225,2.6806547309914834,0.05582960061429185,17.911645238314843
-0.013728855119498345,-31.01576664375042,3.040894721161539,0.004546494709515803,219.94966757731012
-0.24363774352391598,-30.395667743809966,3.1769698559480855,0.03475370462736499,28.77391088869997
0.11710604650213793,-28.377555209896663,4.883005153038049,0.026672602677428034,37.49165434261353
-0.5296366759602731,-31.536330733143735,3.206651106749577,0.07382767071589211,13.545056891314607
0.17343265991008133,-29.648182603615965,3.710930565762035,0.000511482674939818,1955.1004344725106
0.06181226714685334,-30.531738996744387,3.7905238910240637,0.006187158778698417,161.6250747342819
0.08690343686223552,-31.04930969902992,3.0887792042143793,0.0005431801538146114,1841.009825151495
-7.769092303293263,-33.79925953448371,1.559571385380913,0.42481589157686017,2.3539609036002225
-0.13735127634454652,-30.37997697493919,3.4715474482934936,0.0259765262437492,38.496294331911784
0.09595738280683593,-30.296671603801496,3.871624427347488,0.00454437126518137,220.05244326358732
-0.18298268066683943,-30.76496393091592,3.1436115646016005,0.023903434300929314,41.834992721574
0.14035625358607684,-29.722448871078907,4.182661631276408,0.004770381981532844,209.62681895731015
-0.11666693489427893,-30.42166422965785,4.200536302577929,0.03913639500222342,25.551663609874847
-0.26224918930117375,-31.628461348644464,3.374207638456026,0.03654954002498658,27.360125443886954
0.09715930094625645,-29.62450875906997,4.101781206486164,0.008553992839638074,116.90447008163626
-0.04444671944921112,-30.735732611934367,3.646680020690186,0.015234665384998626,65.63977447018212
-0.02202124172281531,-30.99591759548798,3.3204851621353786,0.007797572270647217,128.24504413564065
0.028729519450392114,-30.769839528679324,3.5045562101465846,0.0057958198820012114,172.53814306850313
0.07956544802787285,-29.21049190397575,4.016829650034726,0.010982176541215315,91.05663128315888
-0.07327693511132549,-30.30661651019407,3.9221795810044444,0.02618856107108833,38.184610345162525
-0.6357277531756276,-32.63590995171528,2.408868452909015,0.05917838479910928,16.898061739850856
0.06944032578166896,-29.849462616810303,3.880399350258231,0.008167481815131909,122.43675867723367
0.03581258854224938,-29.602501006070796,3.757441890487172,0.011095240809239142,90.1287333184592
0.09777847556199745,-29.140751946360936,4.12989552020667,0.010618425618758974,94.17591984948847
-0.501211627585181,-31.890966684950296,2.343961806899938,0.04234793777708367,23.613900758613656
-0.03210021640006391,-29.624910441418738,4.886992324069878,0.04654486861590427,21.484645455810835
-0.06604065671356463,-30.531597307483892,3.316534619268583,0.01335744276945975,74.86462920031254
0.08628154731030353,-28.523387132413603,4.528736059778354,0.023143702968788236,43.20829736488613
-0.11677893038989207,-29.623399947982374,2.7416792177866913,0.012595238054820955,79.39508532093522
0.13076233402634632,-31.058064066484057,3.673236115212257,0.000786855357064692,1270.8816061574887
-0.45851885824052363,-32.447546666380376,2.873383169497915,0.048922807178624156,20.44036427322858
0.02775475641967229,-30.115406500530092,3.838192376944435,0.011448088071947768,87.35083043695181
-0.3747200552818672,-31.690896893179293,2.451778303367403,0.02991529230348444,33.42771950396497
-0.03696747751330422,-31.06093183261556,3.1764393773418416,0.007423632178266409,134.704949812522
0.21908656890539022,-28.536410185106128,4.622654198705629,0.004831506357130965,206.97478717461897
0.023077283471439655,-29.96202202749211,3.6955924573365886,0.010512288215310042,95.12676779006165
-0.18517616323246805,-30.67408993549897,3.8507853757304797,0.04074616834233003,24.54218496322091
-0.11170217090564458,-30.722472343001403,3.602262960536713,0.02347695591442077,42.594960081078824
-0.17218309479752036,-29.708576189115,3.836302804690134,0.044094186275704245,22.678726708944776
-0.028802785713822263,-30.49248821484904,3.214694665708701,0.008319894400723385,120.19383321897133
-0.006630346294311206,-30.7527398174596,3.3740440999241796,0.007529105778752932,132.81789755457956
-0.5188145833713858,-32.419037581244694,2.5401372952403882,0.04818331883791962,20.754070581228074
-0.40561773165288517,-31.878663138856535,2.670109935089142,0.03855250480702022,25.938651846504793
-0.05789057872909628,-31.10471516955629,3.441344807125379,0.012592174406732647,79.41440196899838
0.048792424498753845,-30.515393852397803,3.753737359284035,0.007039291912779584,142.05974299553276
-0.14910113427906005,-31.36044763137425,3.172093687493694,0.018120287051516373,55.18676371720702
0.19516403281639236,-29.041885315592268,4.8304996965807145,0.008237268791473521,121.39946204439875
-0.3763885031689125,-31.4895674613624,3.644157410609743,0.062432691143633846,16.0172496440908
0.009756690381701051,-26.800441584216728,4.179628567622688,0.04365223214131862,22.908335976099128
-0.3586925120096135,-30.982067771961706,3.8033234979168125,0.06719548919453024,14.881951333146938
-0.07854902654801535,-30.18148052439348,3.8416465684975156,0.025941563035531114,38.54817840506913
-0.09824487051913115,-29.722821198091157,4.33506197236102,0.04395366615781645,22.751230725771123
0.03272598093523439,-30.765988598697646,3.4242831463068155,0.004802777281061185,208.21286132573852
-0.218997128198058,-31.075910141332066,3.132637491514304,0.02729325714694287,36.639086152896574
-0.46131161473097226,-32.9242237674931,2.0768785852353284,0.02761928674407774,36.20658307602476
-0.06638470568471401,-30.638923375543634,3.575776613657058,0.017186134571136016,58.186440695017744
-0.053127370867887914,-29.95542030276559,4.199481782939456,0.030916825131905575,32.34484769162209
-0.09312648142136615,-30.637475201902035,3.6277695348052053,0.02171326661054292,46.05479304134035
-0.22093719443096577,-31.25200686158836,3.2676471247262295,0.029770062604969536,33.590792645262
-0.16421776178759534,-30.83603745587385,3.666490598876949,0.032123103131888105,31.130242800463307
-0.10086139585777651,-31.375942382806805,2.4841718345639636,0.005014347765178858,199.42773154752075
-0.25306812010703345,-31.899068342704943,3.4750736090396144,0.03631035284462762,27.540354792998308
-0.2016128196410718,-31.23247429140222,3.769611294848019,0.03841397041061384,26.032195821229102
-0.3525602569600143,-32.00570316953371,2.6429067253937646,0.03055577876527232,32.727033654810135
0.10877250285269949,-29.9804464798952,4.02427872864182,0.005506160514044137,181.61475631692494
-0.5843674297893977,-31.99686594876416,2.636759178873847,0.06191398943491144,16.151438618751484
-0.4383419143858109,-31.868178928561328,3.410664966339267,0.06367430373537605,15.704922415106392
-0.4174981792626547,-32.65810646485311,2.753645102183824,0.039330688308995485,25.42543858230129
-0.2150940710195467,-30.74631500319324,3.3571617286487445,0.033177341783613125,30.14105248461821
-0.08705894324798424,-30.21726069715306,4.189149501203184,0.034945589669199036,28.61591432470226
-0.09953310960620315,-29.985052502115494,4.2309215557343265,0.03966369406953165,25.211973404367477
-0.11433566928857894,-30.463550713053483,3.5482384063703165,0.02388659517406371,41.8644847753693
0.0420522087723155,-30.17503176305705,4.033276074343041,0.012297865301283213,81.3149254363402
-0.19609051984065337,-30.545449636285447,3.2479441896839285,0.028821292326799308,34.69657046121266
-0.1306029066724087,-30.519539347317888,3.921409460050953,0.034255121211095314,29.19271526839898
-0.057747967488360384,-30.245142840028603,4.267500056560834,0.03152468152295683,31.72117692201846
-0.07789963541361761,-29.961111095906098,4.592626210444987,0.04511043855849925,22.167818180335342
-0.09751111254517535,-31.01497862659665,3.730507254799649,0.022714451802379052,44.02483532071254
-0.09274200159154322,-30.523190263560487,3.2027491402355226,0.014648872433264666,68.2646397909234
-0.22418362365835032,-31.181526439275352,3.3752725004987765,0.0329471573181377,30.351632170994343
-0.14557315763599585,-31.352346133322726,3.1525798457508505,0.01739955324054924,57.472740028147626
-0.0632130438831963,-30.114431169345032,4.230370134751933,0.03240335606166523,30.861000882036702
-0.6500097356826031,-32.27373179917395,2.2303277732147477,0.05687077128301187,17.58372495114577
0.13227119354836891,-29.746669175770013,4.273887752648557,0.0063806444214000255,156.72398177307966
-0.2407556376619408,-31.72818881200699,2.723894924981065,0.01973058731573148,50.68272849651493
-0.22797362621631923,-32.00081386825376,2.7373864499850127,0.017832219654890184,56.07826840141951
-0.22217592522709295,-31.24407771413469,2.782672780669621,0.020103320866423743,49.74302537598077
0.1813994155474548,-29.965036086057154,3.895183986380509,0.0005525966482622966,1809.6381929651843
0.09971050101400827,-29.824436547130304,4.341467241922554,0.010724067066398325,93.24820460451016
0.014441783936025007,-30.581865765981362,3.5544433694718682,0.007957135049934156,125.67337285651257
0.20959725593344825,-29.308355788033964,4.490622972295705,0.0025237995709889998,396.2279776472625
0.12420921750892278,-30.46297163301179,4.075620344446019,0.0036603879351628484,273.19508689056767
0.13240093620437854,-29.34615293442868,3.892979147990261,0.003788480304726986,263.95808333813267
-0.13126371081051613,-31.022171975396336,3.0136687243884017,0.014506661764894077,68.93384682201568
-0.05809242566289774,-30.886586031565848,3.8057259155328516,0.01911243165352204,52.32196604432173
-0.43477070060302525,-31.670137421881375,2.7747523848861455,0.04618443688501421,21.652315529790016
-0.07296565491578214,-30.183001785803366,3.5383338345578617,0.019133858183005364,52.26337471698191
0.0858246448010972,-31.291910094571243,3.154219745583535,0.0006059151991477786,1650.3959653207291
0.164786371673099,-30.112103441478723,4.108180200818575,0.001822319952114034,548.7510570467725
-0.5887776899571334,-31.674093762139478,2.514747873463164,0.0601663257954463,16.620592778089918
0.18452742823163443,-29.311970232203045,4.2864251909234525,0.0029246739722683566,341.91845295645277
-0.14227861756930432,-30.134371528324596,4.133353280277761,0.04385164638144179,22.804160904280312
0.06658880020675287,-29.272183723328634,3.9347137427392536,0.011151409190583364,89.67476512694329
0.20790846037430752,-29.2675402573068,4.643387291928526,0.003938508663264638,253.9032119764586
0.11679480109710498,-30.2368782593731,3.9134634100268966,0.003425929053959748,291.8916253809117
0.08135801291754378,-29.766138485156517,3.5730850264322487,0.004218808148534601,237.0337699161193
0.14744320256733395,-29.877335389703305,3.6294046721454167,0.0008896993182911557,1123.9752346002679
0.09454380182440791,-29.618088846031938,4.482317342923517,0.014492372532619882,69.00181441990736
-0.48583463263910487,-32.20017039737364,2.3308274263751576,0.038939013633604636,25.68118467019907
-0.04441469823853242,-30.092371960643117,3.9055687609125007,0.022478955995288895,44.48605176368415
0.13591594521678907,-30.742501503789455,3.5545169822155076,0.0005416011196573182,1846.377276015825
-0.30705423257355213,-31.723062776513615,3.5725715483704454,0.04789572995878187,20.87868795110922
0.14869765934228674,-29.646042066190816,3.779125565173713,0.0016109936356439789,620.734916559903
0.10280252094147191,-29.52391382125775,4.2316611631704095,0.009950305222770735,100.4994296769464
-0.006427406090801762,-30.17480602198318,4.012410251764514,0.018514804235887375,54.0108330209451
0.032502671374927725,-29.971292534930548,3.9224920842886712,0.012602046104754768,79.35219342061436
0.22057287764603045,-29.19240979449456,4.771431296351468,0.004105116804290157,243.59842793143537
0.15520010387595695,-28.59512048240097,5.426711231182689,0.030303946166739655,32.99900265456379
-0.1943989071063002,-31.009839902469253,3.1703299450575413,0.025029595323637816,39.95270347242112
-0.22258371980114416,-31.51006620915788,3.245615968101614,0.02848383579609252,35.10763111958335
-0.11148314214892832,-30.433169413042318,3.567463305731706,0.023999730483288063,41.66713458287953
0.0067911861843795995,-29.795795538007994,4.596076687178586,0.03041120190197186,32.88262013528509
0.021839818852395686,-30.73287428847619,2.9413801277695995,0.0022982040707951665,435.1223691175542
0.13057357965663569,-30.037365518186988,4.623997288932783,0.009818353638946713,101.85006944884064
-0.1092207346499669,-30.613190570623615,3.514413642160548,0.021876043403425978,45.7121053180664
-0.1350378695400934,-30.85284574977701,3.7120237967626872,0.028573085442286365,34.99797045089373
-0.04188227253110624,-29.47772355727741,4.892082808214276,0.049957551634460445,20.016993773373905
0.047674838613873324,-30.372692788503528,3.335832810144775,0.003723133843661942,268.5909349464685
-0.14808420072368816,-30.314483511984115,3.831254592489545,0.036149226725980206,27.66310902250384
-0.04000805012943659,-30.627103490069675,3.8631909532753,0.01867554269089895,53.545967394421396
-0.08218194992897429,-29.513028502046765,3.9838291202151033,0.03352676939146806,29.82691199154075
-0.12643037869849347,-31.750036678934755,3.0523204377545934,0.012706980209873937,78.69690386571561
-0.07829770622525947,-30.45585552200561,3.7282612633743097,0.022318136108096655,44.80660908046064
-0.14272545205881107,-30.562046822197836,4.106795058278587,0.040520353530859324,24.67895545971543
0.01948446513939587,-30.7639685074155,2.9367172552847967,0.0023514197982274104,425.27497674121736
0.060293840611903404,-29.590160153659355,3.646104814062618,0.007094496136334145,140.95433710627378
-0.11396709293666937,-31.29685408273385,3.1183339375233645,0.013495364313888095,74.09951867478664
-0.02843507034563139,-30.151036034996586,3.8899700616487785,0.01955618668250691,51.134713338286154
0.004681739280275174,-31.21242886401078,3.1764856562477677,0.00412501184701508,242.42354618293155
-0.117781740272102,-30.200646688721548,3.7397243164142537,0.02973864677103304,33.626277876707256
-0.33331021287690055,-31.228914091741633,2.6451553593805803,0.030869185737116566,32.39476442676678
0.04880013731804081,-30.06911629216352,3.307778583090699,0.00389994002546319,256.41419956996174
-0.18460428034976198,-30.777061023889956,3.8623637800387574,0.04034911994733463,24.783688003734458
-0.040438063010639916,-29.294521084525847,4.712756481411198,0.04628372494819286,21.605866881270643
-0.0020561691207075456,-30.127665785261584,3.757612436419154,0.013840849484718419,72.2499006368137
-0.34096152186840323,-31.02471170974826,3.691789344828885,0.06067785532238146,16.48047701565917
-0.017057641607274316,-30.464393739595664,3.4716771893856544,0.010403155313581179,96.1246823542578
-0.21811299641059398,-30.49829159266252,3.7475434846477125,0.044663814962953685,22.389489138566603
-0.18502683484054522,-31.151480481358163,3.383491124113254,0.027604495105207124,36.22598407211465
-0.11708185967134074,-30.10833716565643,4.162963592985085,0.0402792969510018,24.826649810111164
0.09660371105519028,-29.10388569139703,3.3670685606226196,0.002791775567190134,358.1949823446875
-0.2941549124294085,-31.055185396900335,3.760834209927074,0.054514796860652456,18.34364351675274
-0.02716470910548717,-30.156021671637646,3.815224613125704,0.018000950424648807,55.552622301025515
0.05709386674839814,-30.76788134902481,2.9199369257894103,0.0009499464931900347,1052.6908696108553
-0.06473727553928058,-31.176614956085373,3.4201879533082655,0.012844571945414527,77.85389845996362
0.11525620291009117,-29.136063971644006,4.2417343042349644,0.010034351388012622,99.65766209808379
-0.4510304913685851,-31.987914664950004,2.2770050855862887,0.03395121287555444,29.45402874605461
-0.03575975408075032,-29.771936679776324,4.33154761658189,0.0320921015055437,31.160315251628393
-9.690349981525038,-33.361752458081185,6.184842068949337,0.503828862411718,1.9848009405678346
-0.04915073682852595,-30.325008825821442,3.9920557888268937,0.023793831460697554,42.02769955951783
0.01774965421416268,-30.991017822487777,3.198369618422517,0.003766170074370188,265.5217316937629
0.08381048117678234,-29.533702159167778,3.802647476784164,0.006711285023445669,149.00276124565275
0.20174568586582303,-29.952891385254823,4.31955182625329,0.0011413615729251305,876.1465461266205
-0.0389413006029786,-29.61214725566787,3.949231498452204,0.024982831017973182,40.0274892497403
0.1841546855710562,-28.875354802840477,4.514483207237447,0.006270862749507785,159.46769048301886
-0.010335252753195356,-30.26123369802107,3.7646669480690598,0.01450742861525424,68.93020303739577
-0.5671876502788841,-32.13326610232221,2.4897677084500964,0.0544220372731405,18.37490932177103
0.09375937530456942,-29.858980333962055,3.8845167921001855,0.005802685266615954,172.33400642168314
-0.19708036764755066,-31.286141187408642,3.482401179737202,0.03089016628376008,32.372761959709194
-0.7912105975407139,-32.20714648648986,2.6205283867984632,0.08965322831856617,11.154088020641987
0.11195327140420788,-29.3680334996777,4.294391278270447,0.010280252171701205,97.27387843196429
0.01622564125945517,-29.48009423471771,4.2170946208685915,0.022460537785391168,44.52253145293886
-0.3302457806302036,-31.830279295939512,2.978743547878313,0.03609979673112421,27.7009870013431
-0.039872289482253756,-30.731064686670848,3.5044516019309873,0.012567319496918408,79.5714631306387
0.008585096963033778,-30.96662084770962,3.3883050733306446,0.005968749342200617,167.53928547974678
0.021309382101034977,-29.462471014545415,4.34349564524459,0.024367801354719304,41.03776066798617
-0.15122754122134643,-31.729061907569033,3.0365230134200054,0.015111225908040166,66.17596785896333
-0.023675553780496093,-30.989146250179104,3.39992053371307,0.008851147103145642,112.97970628514426
-0.29742849741706057,-31.70568207501141,3.403750434641121,0.04221244951107535,23.689693717907282
-0.2011868640654008,-30.182525851484698,3.4050117385919534,0.034984174229948595,28.584353411547408
0.11870454868314098,-29.497168325108994,4.566238603684219,0.012904661350966334,77.49137871991638
-0.003126857797976371,-30.158738241405445,3.8647115171120836,0.015578814907349338,64.18973496682652
-0.16343973893144279,-32.025380290186746,2.460471485238421,0.008060040521253139,124.06885515812823
-0.23697893322698083,-31.55311295122281,3.373464413465814,0.03314428903217813,30.171110293817136
0.04743680959168786,-30.687489941088856,3.494216416474756,0.004437684712839702,225.34273268821158
0.15268553263900445,-30.780807733233758,3.1880833503650643,2.340918377127898e-05,42718.277141594
0.04541601038056772,-29.578144932486182,4.018138762231805,0.013960461024598969,71.63087223537636
0.1505916212252397,-30.648738929555837,2.9313043217537835,2.6607392771249834e-06,375835.39604847453
0.16186366147138792,-28.67403659811854,3.947773872669809,0.0033857775758147743,295.35312867070246
-0.5137842296386825,-31.48985231309856,3.0180921890849928,0.06580826748129488,15.19565912116189
-0.25953590971355434,-31.34722365314665,3.3441782649732064,0.03671236661965268,27.23877788539748
-0.07574811449838849,-29.881992185080776,3.9926511068659893,0.03042892384195211,32.863469151719
0.11737545538171104,-27.40306994078938,4.219486704996143,0.01860636129221541,53.74505978331095
-0.3471890909890059,-30.98748250917056,3.2690693387735914,0.05001704393540675,19.993184749011252
0.036793775599868225,-30.04154513263989,4.3552313057873615,0.018920266428031966,52.85337834981097
0.016873428299577095,-30.11059951385044,3.8442562211861864,0.012870139215192053,77.69923722500135
-0.01974710324561295,-30.549173719227127,3.850674088557767,0.016032490112802073,62.37334269125742
-0.11304639124976094,-29.762816589059284,3.770218087212376,0.03206204382202324,31.189527578185942
-0.07512216920170647,-30.08569344784423,3.61847879468354,0.021355299175116277,46.826784855593345
-0.1626072791379305,-30.084073792749663,4.49408361953946,0.05782508400169588,17.2935330274777
-0.1181746498638919,-31.006159180575047,3.6917881890055435,0.02496315728477298,40.05903534525978
0.12951153295885676,-28.599479957164927,5.135140177471843,0.028439217169105996,35.16271190074518
-0.6192522067815407,-31.65806985273902,2.60690649976953,0.06751588276633354,14.811329705351124
-0.6020065522763536,-31.84281999934517,2.3291641468393225,0.055380011225292916,18.057056650492054
0.08619421379469172,-29.090305079549772,4.478471120050765,0.01850198703352041,54.048248882040646
0.07051537678315617,-29.630352642801036,4.3463111312821345,0.015675801832089196,63.79259005130743
0.09211405528314029,-30.769970202637634,2.929678374550357,0.0002933859580291228,3408.479419798052
-0.08361084199003599,-29.924775664401096,3.8211269966828736,0.027610544932711423,36.21804649046445
0.0021909531583867376,-29.513487552099683,3.8188614055711705,0.016756704818742453,59.67760432716433
0.18012161455060216,-29.870254634285985,4.421778168544517,0.0031062105213579736,321.93568115364565
-0.018730647452148454,-29.975296320485498,3.7185210869170207,0.015922060875099345,62.80594000013585
-0.335434627071026,-31.64710725037559,3.1197843789034683,0.04107572563889502,24.345278980369123
-0.2284610255600088,-30.89622674146201,3.582025146799334,0.03991575338292334,25.052765268056238
-0.1259162973864139,-30.795892641666583,3.6300785425096995,0.025762405788116727,38.81625063375347
-0.1622458281334914,-30.753294212161585,3.427326318940962,0.026978208616244646,37.06695334092199
0.04985363937402426,-30.74743169602904,3.8803385562877075,0.007721219229850283,129.51322456095969
-0.005861031050733486,-30.144750683330713,3.7086362987526,0.013494662491244168,74.10337239992751
-0.0052628972628784125,-28.990280375668014,3.544781357361873,0.015145072514066979,66.02807606706303
0.05141592507354971,-30.67035781196288,3.8671709425235017,0.007618675509793248,131.25641047641068
-0.3543948871831095,-30.9184304571708,3.270711184512141,0.05156639213037459,19.392475577343358
-0.8613194250232954,-32.59883899009196,1.9638097560125156,0.07360028397765049,13.586904098137184
0.028274169655680935,-30.18218898177229,3.958393846842502,0.012896981185308487,77.5375249162295
0.09328760294278038,-31.118034651325978,3.387636145518403,0.001076213749555895,929.1834455865808
-0.17471640861672683,-31.682359059423884,3.188385549001743,0.02048511182260938,48.81594050642681
0.12422744864187775,-30.4781503358569,3.7814381553877574,0.0018822928076226361,531.2669718283707
-0.5985262382467318,-31.97838436449539,2.3444391002871154,0.05483798229390243,18.23553599475144
-0.1678481398432314,-30.64350210539814,3.8163558486509674,0.037202962145750834,26.879580074357488
-0.17189224806989475,-30.04155327403315,3.6678624012842764,0.037604505355463516,26.592558273199334
0.05216231104568031,-29.528612662661715,4.689113053438353,0.026024606144272263,38.42517325550724
-0.13325810482998518,-30.62929132861878,3.0427317155688547,0.016341741747739776,61.192987591932166
0.06349771962008044,-30.092697894688893,3.756805086897806,0.006718973867841015,148.83225023188348
-0.16556102177317544,-30.36042427486784,3.894762745561418,0.04038024607892154,24.764584099996345
0.21034869627112968,-30.438964543017608,3.5457812988975324,2.3205390694863697e-08,43093435.19139029
0.13094862690821807,-29.020247026208658,4.472374689124738,0.011904076430974584,84.00483698155575
-0.025847336550533256,-30.792575159629052,3.4217866261476155,0.009801108279871287,102.02927785766005
0.15866330402433781,-31.197630190170834,3.208467420402398,6.295203275016338e-06,158851.10556615103
-0.24249365448432625,-31.52075673592705,2.7299571684366244,0.020632552825616372,48.46709994889478
-0.05716305636429846,-29.266173007034162,4.150273981976625,0.03486702719025274,28.680391779416034
-0.15582845519969632,-30.548163957948663,3.7150106928123297,0.03337628525437159,29.961393018386342
7.90513226632422e-05,-29.480793275993626,4.462366297751041,0.030647983357171685,32.62857423100232
0.02862889998110703,-30.201650356007434,3.464715581300112,0.006580968760927535,151.95331209246737
0.20935588030403388,-30.546884353825156,3.4821029140734554,1.170306892247459e-11,85447672454.49599
-0.10319393342488382,-31.12991873319099,3.5306414573108986,0.01938438989046254,51.58790169052561
-0.06578642983287064,-30.340294776072106,3.564927458292048,0.018039157508426877,55.43496139067783
-0.09014847335136295,-30.174765078254318,2.8114792249109284,0.009661984926035197,103.49840200075232
-0.08342817620189119,-30.74761267208639,3.2557018885982716,0.013744756363853264,72.75501824316483
-0.08755094048200421,-30.09708583911008,3.8124131951610574,0.027141922644451102,36.84337373956963
-0.33705209347846865,-31.14801662841693,3.4939313130523755,0.053737361664882875,18.609026737043838
-0.38123235269474703,-32.075408225348255,3.2344750557220867,0.048881613771572165,20.457589732472478
-0.029581225351254726,-30.597390803415543,3.5497763551857577,0.012455887826904863,80.2833177286639
0.07669673519080333,-29.27013133150858,4.3458521730772155,0.01653041932872667,60.494533146064455
-0.5058597335556705,-31.846619277691104,1.993079002810118,0.03345402047705457,29.891773417364874
-0.04993108600090483,-30.087906258061157,4.370526264718235,0.033501116997152414,29.84975098248216
-0.005241333861775316,-30.154157976078814,3.758067286464681,0.014151449545402423,70.6641391605628
0.02056631211138371,-29.785302778923963,4.482793343606016,0.025521693572969847,39.18235273614855
-0.09324360777071818,-29.696162386114008,4.375414640834205,0.044281120298301425,22.58298781203959
-0.6881182181410574,-32.65834036849292,2.9847086417815403,0.08475579193371958,11.798603696394181
-0.03136181471995969,-30.41707295932152,3.8964248808230453,0.01893280241619677,52.818382509739436
-0.837482801741253,-32.13169898962856,2.509586952267923,0.09252230236825415,10.808204880373964
-0.2942458811696145,-32.119276616160846,2.8805941987590096,0.028028969505042595,35.67737300581434
-0.5418642764118229,-32.368762735020624,2.5206931912731525,0.050936906416287335,19.63213061718732
-0.03262433539924313,-30.605570939313047,3.1714959315362954,0.007924091414809455,126.19743357971423
-0.07371629934326293,-30.303208889447184,4.2574966669746885,0.033707395293515935,29.66708021466029
-0.05282122223539673,-30.95019333227438,3.8850648136022428,0.019526503375945678,51.212446014880506
-0.8026909822086573,-31.042986565618815,2.721894491752826,0.10121965881699867,9.879503761299594
-0.11222924268704322,-30.044488930287372,4.244428172322872,0.04190417521051674,23.863970474928447
0.031775452507703236,-29.85304261929153,4.270893677729402,0.019076637319518825,52.420140051455526
-0.1655339311883946,-29.656091069424,3.375480592616839,0.031502503206036966,31.743509189084552
-0.06480755531110977,-30.61204354013574,3.794933327961895,0.020981142895705244,47.661845923784064
0.06378509985828762,-31.058780443566356,3.6152467688432246,0.003641062807963322,274.6450837961138
-0.04910486268781307,-29.58759551621364,4.7050782027973685,0.04538129579272555,22.03551006051917
-0.2871071749575216,-32.116122959365725,2.9084517103235514,0.027718402944529485,36.07711461591839
-0.14310151523146925,-30.402867062170472,3.8976797752677754,0.03642115361784189,27.456571268794818
-0.07659326134463049,-31.001051900644356,3.4836686092514983,0.015699171428368415,63.69762917506584
0.07888201777977687,-29.200627648302113,4.0447006885562615,0.011524185195456877,86.77403070494087
-0.054920217509487765,-29.93959415655503,4.257110731452577,0.03266030560200596,30.61820707331597
0.13884741246439913,-29.327084979783315,4.086216805418168,0.00498780656441093,200.48892977029513
-0.12054057537987808,-31.38127754229735,3.3086598415568313,0.016937868760095356,59.039305013151505
-0.039338550816080134,-30.471001842618463,3.664007827127887,0.015807995166562266,63.259128653786654
-0.31236168009850884,-30.715779929859018,3.44590457364031,0.050850511001137216,19.665485760362095
0.016945644059322834,-30.681957011029198,3.202252824416386,0.004270528569418433,234.16305118787238
0.0336738117273164,-28.365931427127073,4.287032141987469,0.02815917777994205,35.512400532955404
0.23813156549580394,-28.094067873110216,4.875862573785799,0.007450279941903154,134.22314433792306
-0.10552111011270762,-30.019121530310276,4.453457844286007,0.04628693415032551,21.6043688863106
-0.039664966269183886,-30.993919575609585,2.632461386253801,0.0031853429495699095,313.9379388128433
-0.1946355671817862,-31.42272033288554,3.0214342101976253,0.02071800820320943,48.26718814818742
-0.11022283101824967,-31.123308081348064,3.343902547858842,0.01709908638283485,58.48265676953732
0.07168514259430461,-30.295023812138183,3.5127536171335683,0.0035483878147296133,281.8181247971059
-0.10874646686187073,-30.4525005929166,3.365993829678247,0.01964808503406309,50.89554520281954
-0.1505393993794235,-30.865125137831342,3.566437616120921,0.027733198407937462,36.05786773276724
-0.0899209534470709,-31.339483211760367,3.1529864729167763,0.011400732934054686,87.71365891862433
-0.302893395215413,-32.00464921873822,3.09999349137375,0.034448569673941096,29.028781440422424
0.13885176193827808,-30.590401560665683,3.31795123362165,0.0001964439668679996,5090.510113104921
-0.18616121839816752,-30.4568622810923,3.931445538583567,0.0442583765876934,22.59459286805523
0.01979268410323822,-30.71553424943332,3.284594975196655,0.004671208080822992,214.0773827022101
-0.04110594000505634,-29.558875837667387,4.15181396383781,0.030175584394999313,33.13937476437804
-0.20583503630110933,-30.488201955163696,3.301531200403182,0.03171350070205527,31.5323120394335
-0.3017892229447344,-30.87224719447355,4.047995911931162,0.06508196748677977,15.365239230100595
-0.11745527471129147,-31.55078654850779,3.276098195548753,0.015552460361979112,64.29850819261281
0.04678433113028938,-29.906789794010308,3.1196977818614613,0.0029480988374148086,339.201653387205
-0.18656650645243622,-29.639556118469415,4.570363590265296,0.06844930848911387,14.60935138824725
-0.6767458794396197,-31.87750879989312,2.6914233442311613,0.07747492459787765,12.907402042536406
-0.2437110667612366,-31.39308590943005,3.0069568642319804,0.0267213715272183,37.42322878080578
0.12570291342415835,-28.10109242602321,4.331229047043086,0.015072040418098473,66.34801740573906
-0.2094094864694599,-31.048981070336374,3.3208777404243888,0.03015904419902452,33.15754947009709
-0.3807577188749317,-32.26514583638125,2.860729543223142,0.038484798432273794,25.984285763112858
-0.21002461534722955,-31.528885600195935,2.9139285831926713,0.020249355275317602,49.38428835899396
-0.24326236617769698,-32.00508720258806,2.4398057312573584,0.014511605000111338,68.91036518650608
-0.07695132212288545,-30.526926280721682,3.6491152224600745,0.02032571795151299,49.19875412939904
0.027174638824043782,-29.954056443337656,3.9922989627339556,0.01444266090885028,69.2393185931003
0.06011617003578254,-29.594275997107616,4.072921660886507,0.012806629744281525,78.0845562000045
-0.1607610375201176,-30.34700719790643,3.2801372252663703,0.02539591232268209,39.37641567248839
-0.02025610536521459,-30.785516649751845,3.8267076229066097,0.014848779121094327,67.34560409612328
-0.022237255511376508,-31.839179127824753,2.4509597235453042,0.0011747055678434722,851.2771432894482
0.10789765590093056,-30.704793590060802,3.613052820777579,0.0016551874920807542,604.1611628800367
-4.5598202008328865,-33.99089633320753,0.04152686234758135,0.1688892320720194,5.921040599992605
-0.2247608287171093,-31.710196909696535,3.016367676652801,0.02339053092669126,42.75234295168931
-0.4517565178617026,-32.00613017757654,3.0872004282134853,0.055833488938762686,17.910397845579464
-0.12404158209490063,-31.005606360411754,2.769270674520433,0.010352608693434325,96.5940111920008
0.07946757610893909,-29.417225819842834,4.095464813267238,0.011347170929607592,88.12769334343515
0.04042168715518592,-30.016751601539575,3.9991303726239726,0.012582490947014816,79.47551913297812
-0.1754027342570214,-31.18226554075402,3.1887431383964095,0.02227196220956269,44.89950147143479
0.18041097692450553,-29.173281226944546,4.9248388565484955,0.01106440771993834,90.37989428010457
0.12311378311000618,-29.666690119789237,4.231939653305131,0.007117604445672083,140.496708918414
-0.49758000781635636,-31.616897685835447,3.460373331111489,0.07607858513694872,13.144303330561478
-0.29542499476104306,-32.13524428312569,2.734647288226311,0.025096337305628533,39.84645200699159
-0.275819998311019,-30.895395414722557,3.2274372150756188,0.03841547535107767,26.031176000323708
-0.19548147375967884,-30.254281225924878,3.7993808435096117,0.043663818083666726,22.90225738124511
0.06962992671538452,-30.300268926568634,3.874184508223556,0.0068590267976308605,145.79327789554702
-0.49948249333707795,-31.909717973394297,2.627078252366307,0.05007680086507402,19.96932676858454
-0.0779206315085944,-31.14106082935713,3.2476984783592724,0.011951070740844857,83.67451098605973
-0.027853699374837518,-29.851309062480084,4.296786491339914,0.029407181419030027,34.00529910537017
0.08330063226136705,-29.15376489943843,4.008651856436707,0.010616228057848929,94.19541427999627
-0.034381662536342936,-30.235306702115714,3.8874837571077814,0.019990941523931136,50.02265645181849
0.0485435585491343,-29.997873229941558,3.9324559827220718,0.010700808494091494,93.45088275826589
-0.2701192565242554,-31.32905624640344,3.1382093875818953,0.033484512195597914,29.86455332419226
-0.06901410905992293,-30.6612064305055,3.549085923998182,0.016990793765946977,58.855402153382876
-0.634931712144887,-32.16217099900062,2.3591624804481954,0.05943957291393641,16.823808634155522
0.028915139236910123,-30.21519268227336,3.4798181414747775,0.00668124322103126,149.6727430685645
0.08129917553450888,-29.75054509897315,4.4494299325636835,0.015265056803948433,65.50909130854605
-0.14713509716133544,-31.09615201149428,3.42973915392869,0.02350387437395188,42.54617702978569
-0.1747182028526422,-29.65301341891591,3.7957190334151134,0.04380465286055695,22.828625150467303
-0.03612770772185932,-30.45472191492737,3.4942982120293564,0.012839401691020231,77.88524917787964
-0.17184981513512923,-30.88589205251635,2.67365697265232,0.013793718180465757,72.49676895792823
-0.19588743957717009,-31.045128222392492,3.162592965658704,0.024935435853025014,40.103570111796785
-0.059947624304697564,-30.30335790708727,3.787589153588449,0.021491557842183,46.52989826718049
-0.08148551625715914,-30.32632939758414,3.614167828235769,0.02113162939264189,47.322427505197666
-0.1451332596994907,-30.50557861194563,3.8895420084865213,0.03598109525477712,27.792372436668185
0.02041623807230241,-29.77133666786721,3.598893213106715,0.010092926835731023,99.07928753231378
0.019502454584356087,-28.9730611140794,4.545019624036076,0.032662106002312834,30.61651933678707
-0.17619365467877085,-31.007774940337136,3.2397608213801763,0.02401436279540397,41.64174617164469
-0.33186170479609767,-31.830503391177587,3.027963296327232,0.03750975610362058,26.659730797435824
0.2545411664795513,-28.332209995691244,4.248579196145389,0.0004586177471862623,2180.465117486746
-0.24915732069646368,-29.55782307686114,4.202917602855721,0.0700179612419622,14.282049666431785
-0.005329179341527015,-30.040488699244158,4.123577632403145,0.021051303239775214,47.50299725437227
-0.3662792560859368,-31.574482393369095,2.6199473049743993,0.03326186447139819,30.064460182618383
-0.23474527673199758,-30.8310006671353,3.494299402921821,0.03907428605569684,25.59227822037723
-0.6743680888808816,-32.40581011839078,3.1414234262927865,0.0890714900428017,11.22693691909126
-0.9379688806350394,-31.810255678211245,1.772060112949171,0.07884745445498079,12.682717621162595
0.054460530969555145,-29.565799777780335,4.322932918056999,0.018005288225665692,55.539238665146556
-0.41476300223646884,-31.26568565505825,3.5872053433002256,0.06849004488690305,14.600662061928713
-0.506503398542062,-32.32970453479108,3.0646138147541935,0.061839472535485454,16.170901189788903
-0.0887672573534543,-29.873452938356483,3.5091956322454823,0.022061363725108758,45.328113550019005
-0.022278811352498634,-30.231876636069675,3.8003017949857587,0.01676491426324873,59.64838139328596
-0.051779059919286365,-29.741248708175544,3.9732778987378943,0.026857036734139493,37.234189679937536
-0.004379561296139407,-30.492419329685106,3.709654927018277,0.012164963172370985,82.20329037010124
-0.24832699559357793,-31.496831224789226,3.7292533190034947,0.04359220688509346,22.939880117470132
-0.06828239014509474,-29.811115301235148,4.225665870330562,0.03508604490982858,28.50136008689518
-0.17083689212904224,-31.63297817600408,2.9094093485241244,0.015486007962005896,64.57442114542671
0.02947490085137932,-30.396734542115425,3.8400441993344945,0.010370891809587031,96.42372308576036
-0.37516078305957623,-31.753076857373156,2.436086593192666,0.029403000710178276,34.01013419878045
0.005096101199843127,-29.573868841463252,3.5753627529014747,0.012142292581219329,82.35677021542995
0.0838491202373022,-30.141852973536984,3.2505718785595183,0.001623504138270566,615.9516175088089
0.2980684182124391,-28.00382865349873,5.552319193402395,0.009283635868034728,107.71641781461773
0.12769903368654864,-31.10331694145288,3.2874897710387065,0.00019369359455050742,5162.7933402786875
-0.31037878616825276,-31.375606725395578,2.7316201561649285,0.02940053204867446,34.012989912714374
-0.05464528058724883,-29.934043216376608,3.8997245700020704,0.024710721450051713,40.46826402949507
0.011052151359194233,-30.027828375836343,3.8493635473501477,0.01398675217929335,71.49622637058282
-0.11240911600235548,-30.01797150979045,3.9610519713410346,0.03504161062170695,28.537501052549732
-2.9270801658197145,-33.999999999999346,1.9481350024663502e-12,2.485757456890036e-05,40229.18636845258
0.045066624392971946,-30.21092482353513,3.897906939832678,0.009948052368613089,100.5221889618395
0.23698732575496995,-27.975015163406084,4.905658384957184,0.008664996904317802,115.40685023230603
-0.24741342481375136,-31.060074405374117,2.9988829007592894,0.02828599574637597,35.353183567105674
-0.06900831050896006,-30.52486774861528,3.0919176980931464,0.0105177241599424,95.0776027962951
0.15284277924527784,-28.388402125442553,4.607463410021175,0.014239130544967973,70.22900709014107
-0.3800284153487049,-31.245773738818293,2.8654829835295264,0.042716302337242176,23.41026599411791
0.12400343414103487,-29.011867846470935,4.733668468052809,0.01763034309192118,56.72039362967553
-0.257522981593821,-31.01781943557491,3.44233891266932,0.04038939218270722,24.758976205345114
-0.4593203127473355,-31.836296960185173,2.156177154256927,0.03234530689762955,30.916386206039853
-0.146372857472721,-30.429334024141077,3.7839748833239044,0.03410438627816964,29.32174154501951
-0.1189454743922525,-30.339180694897948,3.6653942001360376,0.027584852038620628,36.25178045544466
0.1330989093391608,-28.982108831113607,4.422299535437665,0.011000928278308385,90.9014198348878
0.08508409605118189,-29.955351889794148,4.154920809927682,0.009519245776881973,105.0503394322013
-0.10485438078997995,-30.18801438468836,4.278371540723516,0.040466920077089456,24.711542121194316
0.13725242190153852,-30.529909772626723,3.703035200008414,0.0009966357361390161,1003.3756203384971
0.18631809481461842,-29.62940884047712,4.003669532863091,0.0009346668723513829,1069.8999072089243
-0.10459289651842218,-30.321724261468827,4.134022023588847,0.036034354899413895,27.75129464066707
-0.03557315344357441,-30.409636455484968,4.06684033913286,0.022778644481620033,43.90076858203282
0.06256039425989546,-29.95595657586629,4.314260504842361,0.014789996031528377,67.61327033950944
-0.22652369104791262,-30.29671545378075,3.3879497672909356,0.037903517178006677,26.382775912422314
-0.16364866786337678,-31.2055425125525,3.114518023717273,0.01935322620777195,51.67097150956752
-0.33296861657688887,-31.91604774152426,2.5356918675484037,0.026085515170175207,38.33545143641046
-0.07191010352158905,-30.41001971919399,3.791752683071868,0.02283471774656627,43.79296521632605
-0.34362149029008293,-31.296895169445676,3.182071460240377,0.04553596821033607,21.96066185264538
0.04987016279038249,-29.614934650971897,4.100921848532019,0.014552936775725745,68.71465295362219
-0.07338461029663276,-30.46718720660523,3.673335705486646,0.020528508860713366,48.71274415424102
-0.28208779694374486,-32.0503275002966,2.302588322574258,0.01586127383717783,63.046638641094695
0.05735986059104894,-31.64362510922094,2.8813875019292268,0.0005295281939651315,1888.4735721283391
0.23246703689142903,-29.176775934038346,4.297498395400128,0.0006112668968029763,1635.9465975176472
0.06877501437327346,-29.19313385696634,3.705428679407027,0.008059796106410238,124.07261756965106
0.1961558915157319,-29.760573681039006,4.274268113299643,0.0014293913516764014,699.5984681362401
-0.11405803617277457,-30.250279059749957,4.218955376984569,0.04022297372427761,24.861413948527236
-0.06838152681047596,-30.08517895829883,3.904634929535141,0.026182422840190313,38.193562379757644
0.08045957480795962,-29.440715980631715,4.252093537243921,0.013546714019226034,73.81863960372681
-0.2101565971085805,-31.097543719848822,2.958177766639742,0.022489605429986806,44.46498641842053
0.029295332770864088,-30.674590343986814,4.011399723308429,0.011814098830438307,84.64462794433045
-0.4335798000472849,-31.219763153373393,3.036131919248141,0.05553900208495639,18.005364923019847
0.1379647675870191,-30.596072953509953,3.1997015038496093,0.00011016609020388737,9077.203322267977
0.05546538422197839,-29.24470161040383,4.3423084548616515,0.019947195989485862,50.132359481858934
-0.21441285818125025,-30.259539746392903,3.420348787940424,0.037020280084490764,27.012221347804953
-0.2730526077303024,-31.72098842256662,2.4497760314323247,0.018274757097019558,54.72028956067989
-0.10355690815891194,-30.88012859628976,3.877965425137141,0.027137569807769553,36.84928337664552
0.10574764882130377,-29.36033922907309,4.401510440959047,0.012763099291176307,78.35087522129865
-0.09235098441994435,-29.933490605464982,4.555356446717731,0.04712022376548739,21.22231008445332
-0.015934948069557076,-30.266480342209352,3.4006220317369165,0.009903975926493495,100.96955075637489
0.06722499907794227,-30.185337665516727,3.457011264809384,0.0036099082999657963,277.01534690215675
-0.058444455625815336,-30.50402431133361,3.4083132551492605,0.013968032478774805,71.59204429969326
0.06884015386414467,-28.185380907806213,3.9283999594920616,0.01561724359875523,64.03178599837585
-0.11560651629776525,-30.33845046039942,3.059313832740476,0.015499817027932511,64.5168906315398
0.03152939214150438,-30.77111986366507,3.5789486632934775,0.006258919447816249,159.7719875351491
0.04280777524939074,-30.17201288845704,4.0064701474835624,0.011826963953241497,84.55255329715646
-0.34044025026686364,-30.705973870530002,3.634978730015979,0.06094803230640994,16.40742058697815
-0.08672975046363351,-29.7117871348352,4.048222778873493,0.034635277662323466,28.872296326003127
-0.18076223490674842,-31.2344040834862,3.2302264606445408,0.023583304021220157,42.40287955836062
-0.30456067715394175,-31.0689998705913,3.178855851363368,0.04066562273604297,24.59079519059411
-0.09854669828469732,-30.81006384578963,2.836857835300634,0.009356121511037912,106.88189532599027
-0.36168102359451826,-30.73626804179662,3.4141972671607004,0.05786892037010932,17.28043297860666
-0.4182916445451864,-31.27716064464959,3.3890025558129744,0.06315545820639504,15.833944181545679
-0.10634955350171849,-30.72989913782974,3.975250745447984,0.03039608621190152,32.898972355475564
-0.22410031670843156,-29.97520215531062,3.7124910546396697,0.04796969418137848,20.84649521047381
-0.09288342133548201,-29.804097377565157,3.865822481926025,0.030775646329322677,32.493224977283795
0.07795077462682193,-30.660863610744215,3.4519084356749765,0.0023436847196239567,426.67855092746845
-0.08126469218276836,-30.877852331096534,3.5143442477803135,0.017191147758559414,58.16947268701727
-0.38756998048389646,-31.32889759004619,3.139236387041027,0.05090288859724921,19.645250545841126
-0.24260117649656765,-31.362298562611855,2.658411115079038,0.019764952432249107,50.5946069654268
-0.02533590270956239,-30.66580212542828,3.709615938955195,0.014095699698043807,70.94362262405316
-0.4792914849346528,-32.07025176711224,2.415803228209808,0.04084393313393233,24.483440336680502
-0.22503495414207858,-31.646866575110703,2.8854014182137337,0.02113303344206901,47.31928346875772
0.048193297612731764,-28.447328696570466,4.11817786791867,0.021199470252923406,47.17099003273915
-0.2523142048392597,-30.749556604475117,3.916938861575468,0.053506277279021464,18.68939591489906
0.05901597527920506,-29.92114878548317,3.4326066305425043,0.004419996597951542,226.2445180305008
-0.3678812910194219,-32.27860867040032,3.173921251790767,0.044406696071759025,22.519126358422376
-0.31228487456978876,-31.645603741894345,3.338417201346064,0.043133645624888195,23.183757957685778
-0.21714538118443466,-31.375247329016677,3.465374317961447,0.03307986351763533,30.229870793356998
-0.028033285330976446,-30.621589037069633,3.6618398385444406,0.013847086606593922,72.21735722544007
0.21881393645548328,-28.468105232352144,4.251571316217311,0.001951335770489157,512.4694658517544
0.03278790993198978,-29.94304794608422,3.7795731153240153,0.010617152232993931,94.18721499465681
-0.28261101231554814,-31.14719247121904,2.807103339066983,0.028346926366231633,35.277193268870704
0.1702076049944946,-29.553259053049494,4.843420883306132,0.009546375579411164,104.7517973372761
0.08226700961737379,-29.866868460436578,4.1479824183931076,0.01006791154040355,99.32546546390466
0.048860471933675695,-29.82608890743274,3.793184925132554,0.00936675853551924,106.7605187224532
-0.15939899286006592,-31.280260484408636,3.5733460371181796,0.02735466596403006,36.55683462978298
-0.22216574181850557,-31.490679077013446,3.720860392977953,0.03921933756676647,25.49762596825134
-0.007598149017556555,-30.107788436178406,4.05012595561858,0.01968059132450996,50.81148139866166
0.06608044366925211,-29.37239830421956,4.764125153400116,0.026192436367175196,38.17896074964668
0.04565881860297981,-30.55016841030836,3.881430165534966,0.008681520495479475,115.18719566701554
0.17186898892268038,-29.211183215460043,3.715247100205711,0.0008440175380702604,1184.8095032318568
-0.031039621432635882,-30.567059673816914,3.932043987275052,0.01888778577653694,52.94426841934191
-0.21842706124028843,-31.406923419208063,2.9696696585203233,0.022701096473597113,44.050735662176784
0.05604500018680218,-29.352896621388616,4.155653435327691,0.015803350048858963,63.27772256567855
-0.04914564562636559,-29.87714582675528,3.849257918677078,0.023111347866891355,43.268787513365716
-0.09549465649436936,-29.736014500908368,3.8054704592253046,0.03018566903538376,33.12830332923203
-0.18779887407253015,-30.482608414485043,3.4527163657413444,0.03256531082057397,30.70752204730146
-0.17841210568760923,-30.96184148023569,3.501398172041228,0.030004266729800572,33.32859319660656
-0.0052156831856197475,-30.302036883234145,3.8273322637210816,0.014696527091620988,68.0432862652385
-0.35349478482552743,-31.709481017824174,3.103212967044718,0.04302119574458677,23.244356245626367
-0.07517921991574447,-30.704118097699762,3.533774969134347,0.017362892568594888,57.59409015803904
-0.2599351251298575,-31.909393811507822,2.9420185944526387,0.025662731265135394,38.96701366929597
0.03244240841495495,-30.899211930881705,3.26829746009418,0.0034768609245611547,287.6157607961322
-0.0028485089608886495,-29.788732085273725,3.9764088615594093,0.01910237850484285,52.34950190870101
-0.2640565769079166,-31.764712841973303,3.493175211373086,0.03900551569281725,25.637399794310294
-0.026441018352971996,-30.426686767103142,4.043054996058584,0.020864708419813433,47.92782050337139
0.17935317782551302,-29.147209164515168,4.23352274723549,0.0032649383158610706,306.28450012118145
0.03281721098429661,-29.23838782066304,4.309651377428034,0.023050851193671524,43.38234590983539
-0.014180375074274065,-31.082500128305256,3.5824141001666865,0.00986181253462233,101.4012380066294
-0.1628007486387187,-30.910529272647473,3.174309297099003,0.02135057803765861,46.83713940841219
-0.9221410580372664,-32.6666851048477,2.0347454812816244,0.08372927480535991,11.943254044951853
-0.1827164087402276,-30.661812137122205,3.202094016791106,0.025476942917598888,39.25117716181022
0.038234322739821094,-30.15193920419962,3.7933347204098906,0.009539891088464899,104.82299962618482
0.12975051980326768,-29.480221114561346,4.6195326914290495,0.012233069148615654,81.7456345461077
-0.06451425653290055,-31.319365477757614,3.0935144772991316,0.008363296848159688,119.5700712476858
0.04689673083133619,-29.53005112384909,3.3472195712907116,0.005327701488767727,187.6982038329808
-0.3673134575501352,-30.969150683117583,3.1918757741205166,0.0511060900547041,19.56713962914395
-0.6757104609220855,-32.544699391659506,2.8267544252685295,0.07844844039955565,12.747226011209067
-0.28759442155032966,-31.520351912436475,3.5834203030694596,0.04612062089155175,21.682275317832445
0.10529273309789215,-30.41569506380879,3.4768532488507793,0.0014598097427500642,685.0207740881007
-0.3288731372096295,-30.682800219173522,3.2351933837802758,0.047837663074885614,20.904031169636962
-0.48783807358972164,-31.897895413050037,3.062532888919931,0.06109956954700429,16.366727415823995
-0.24624652965582583,-30.18786996191769,3.6401150047244117,0.048404613160359614,20.659187930850734
-0.016000116244853875,-30.575717327672322,3.6927147381879912,0.01301779290592352,76.81793735902554
-0.2903857998944383,-30.65856620695376,3.598271512451393,0.051789996903161856,19.308748016915764
0.15697282040903,-28.385496456514716,4.5311271966266995,0.012264874598222439,81.53365058823603
0.28792331316221276,-26.907861038361432,5.136997539008224,0.011444073265499276,87.38147482983389
0.029259547486082678,-30.651909319549244,4.103638970281542,0.013216041382741921,75.66562263537124
-0.15777916585714225,-30.12600591801287,3.656994606534356,0.03456978550118062,28.926994642933156
-0.12596786876187427,-29.797892383228834,4.938503396154733,0.06576345811189498,15.206013015594824
-0.09755573627777082,-30.396278323229133,3.617730457454332,0.02317386284609342,43.15206345361524
-0.00041566688648668666,-30.411924578180923,3.7932383642458865,0.013175915266632542,75.89605577780684
-0.018744815347233976,-30.551747996829526,3.433843375253214,0.009856168958700963,101.45929967213138
-0.2535945970253486,-31.836189758035548,2.8999551904253913,0.02426834294785005,41.205944804261584
-0.37227086111360225,-31.580043494802098,3.5259222554662855,0.05791551326689987,17.26653091014777
-0.05524655471302997,-30.765143851611853,3.7875167818328492,0.018884847111616667,52.95250705974042
0.043126475037787965,-29.32390020363261,4.0772819386825345,0.016428569892702815,60.869570907944734
-0.1324113458637997,-31.001874356246883,3.315865792210615,0.019777576864645242,50.56231139152432
-0.34504219608514375,-32.49714483718411,2.264536578760035,0.02037705516590872,49.07480457102668
-0.27628567830725914,-31.58990621384931,3.1449547912104467,0.033427288218556644,29.915678276434804
-0.22444250981545436,-30.382715347005558,4.420132808582332,0.06518123368665706,15.341839106747457
-0.28424662522934585,-31.192607795438846,3.0015076179655598,0.032839992232874385,30.450677116755
-0.060612673176074286,-31.190741456370844,3.2108052234457825,0.009641430455289077,103.71904922587727
0.050784605656697554,-29.75492732077513,3.6438853166938054,0.007555125733659323,132.3604709243734
-0.28350253373845524,-31.518493812036994,2.9107648588144728,0.02940577313367587,34.00692766873003
0.03228630947859516,-29.654748618773258,3.7143808838304966,0.010718731109054372,93.29462506576695
-0.5469611325764886,-32.85177704244013,2.302582761938007,0.04364368072919435,22.9128245668582
-0.42133535877837236,-31.438696509580993,3.007601242711286,0.05177732645960602,19.313473065863068
-0.08923548908080228,-30.821622863087025,4.168554924262798,0.03135271254309288,31.89516692138026
-0.09400886230666906,-30.332207529024217,3.97731717598561,0.030562780640413005,32.719535953404225
-0.08090049201044208,-31.37913174089642,3.300487432549356,0.012367477849780657,80.85722991755635
0.05436970460978505,-28.879506966112405,4.763813241567972,0.03208475584198035,31.167449268589397
-0.08718113125485898,-31.052068993593565,3.74270742692113,0.021337349514828498,46.86617704345355
0.12010942805323094,-28.207464833019863,4.267484696235202,0.014145623628311866,70.69324239608231
-0.05676975730193036,-30.536560443091737,3.7691944637382298,0.019694176831235116,50.7764304428298
0.19582691896359572,-29.375002013631892,4.635797371154253,0.004721184334222651,211.8112594653967
0.16458616194166342,-28.87962307375284,4.806144121858683,0.013098789617173343,76.3429316162874
-0.6884676717642777,-32.14825615447731,2.4421388634266132,0.06951560791386328,14.385258649238873
0.07019104507506888,-29.571273152813124,4.276180677166151,0.014806952414822752,67.53584208178673
0.09569171211962366,-29.77382449116456,4.177630182119436,0.009188124662579391,108.83613759320382
-0.24717768021740688,-31.782494580666075,3.1123743706621485,0.027970628452995718,35.751788762289955
-0.37657281043162183,-31.89714719636723,2.7936888609816175,0.03768079215535297,26.538720201983306
0.19204328848986796,-28.244299442628453,5.943108060409287,0.03950176264712136,25.31532602565708
-0.3845919927062156,-31.25101144647769,3.352846635678668,0.05685518700851672,17.588544732958198
-0.05166015130951194,-30.913537183792897,3.789929680903834,0.017866391414739745,55.97101153705843
0.14386532673552166,-30.84660179245771,3.1444183381532422,3.574345259583305e-05,27977.151824347806
-0.5860723016428948,-32.20450626613595,2.256464034734464,0.049613733332329955,20.155709575444643
-0.5325782134017345,-32.12874023321454,2.0971147679826947,0.03855462096131966,25.937228147133407
-0.15036189786982326,-31.34724745514132,3.0755564472752996,0.016690431414379175,59.91456872339908
-0.16938429685444523,-31.38944019768011,2.9641443467462008,0.016872751842805445,59.26715507443445
0.11035001543148129,-29.895942448441133,4.1671855368716635,0.007051416646787998,141.81547483164417
-0.46875212229928886,-31.43378881211317,2.7687089783046277,0.05192337327375648,19.259149337769006
-0.12769149963058768,-31.15000603949512,3.290298207481457,0.018233778837705293,54.843266933353306
-0.009333484519712519,-29.667625218480552,3.235406446732873,0.008732638176316119,114.51293180932547
0.041490683208787765,-29.683507142308855,4.1342673206536436,0.015991543400629697,62.53305106001358
0.06416588273130958,-30.487509252130973,4.274239282427943,0.011822070164349736,84.58755413375643
0.17646948766222292,-30.02388400139204,3.338681517448588,2.4018302989816992e-05,41634.91485738891
-0.2911410587874841,-31.012465313314138,3.1272893155637727,0.03764255946722406,26.565674974113147
0.06671184632970567,-30.34935968765597,3.7890009528450186,0.006146874033487645,162.6843163780623
-0.14062691346131825,-30.699715758197005,3.238386166800261,0.02048197660430669,48.823412862884176
-0.1450729129304524,-30.68734370329287,3.151163246963588,0.01947140292053517,51.357367729541856
0.38933921836269203,-27.33550555616508,5.269608312620454,1.9697605251884854e-05,50767.59266989121
-0.34513424730771924,-32.186441600946324,2.9483289792096024,0.03603190856583204,27.75317877411216
-0.08698279703147602,-30.61228978529362,3.761694690856853,0.023539133830446896,42.482446771535045
-0.6816302587422112,-32.98642925715606,2.654451527728523,0.07172926589246614,13.9413109496919
-0.023134710504553305,-31.48049079382065,2.663247221161637,0.0022167796065013954,451.10483562154263
0.04798286191921485,-30.524854648436715,3.8021305149709597,0.007611711110936438,131.3765046289275
0.017122361872151215,-29.20823410372596,4.225746439580794,0.024070486320321695,41.544652928584256
0.14703932099834816,-29.324788826909284,4.75747696659102,0.012638494467939503,79.12334831785019
-0.28022981524362334,-31.647278050338706,2.6964525374688693,0.02400741213943127,41.65380234204992
0.10118845278424093,-29.96922246448235,3.7799400502508433,0.004030638547780919,248.0996467794298
-0.07875718556481878,-31.51821408762195,3.225471334940804,0.010814222626666054,92.47081686058212
-0.5315599854739828,-32.61843360287571,2.335734834253695,0.04341102633225507,23.035622156138345
-0.5268997727902478,-31.99369565584932,2.346737216462388,0.045374600349528865,22.038761604439856
-0.07299417466765498,-30.551957758869086,3.655982909088796,0.019807193419017453,50.48670848237749
-0.11643972015454215,-31.49484498611482,3.766304024972813,0.02410700096438908,41.481725639668014
0.11223176738726402,-29.93278516178401,4.471287745350342,0.010507799087788403,95.16740771739212
-0.04335020732010761,-29.3374588169465,4.6523608837878765,0.044856923733106055,22.293102530835466
0.13409024840633832,-28.573862258862604,4.680407345090895,0.017604964105503128,56.80216068645152
-0.18227845691695904,-30.719027168425537,3.5106187009463707,0.03191988422244015,31.32843443388761
0.20044010220784966,-30.146978844018037,3.5506486535608914,5.567805265943505e-06,179603.98258119443
-0.19226210267383198,-30.314909147976593,3.892530177390876,0.04518103953325698,22.1331782165817
-0.5591818226943388,-33.03901772614719,2.3632377746007047,0.04624339762490596,21.62470863649119
0.15257980520847353,-29.642864204506843,3.6114385303301795,0.0008349213181021264,1197.717651135219
0.17653137897222107,-29.68146628378494,4.202505295980295,0.0022631836159995524,441.8554433367716
-0.17319211169873328,-30.746921438951077,3.4271176009693285,0.028581214404131174,34.98801645935165
0.013278474324212808,-29.892203714393812,3.830313285380273,0.013915785137728906,71.8608393348047
-0.33114197293120795,-31.029699818806158,3.2418041444116583,0.04655505347291102,21.479945256251714
-0.32536421923856285,-31.5775518919866,2.566576526310448,0.02690115294063157,37.17312794016339
-0.2968456493235792,-31.254730779088106,2.9933715086832264,0.03414374795629051,29.28793878399527
0.023545975516267643,-29.684219450111232,3.471645366989697,0.008388983579936306,119.20395247782717
-0.3834590402992798,-31.700167091558015,2.735096452726035,0.037911990134196605,26.3768796219959
-0.401042392485914,-32.26038248400701,2.763532131262239,0.038847644618986495,25.741586389802833
-0.2726552422980977,-30.248657504550426,3.9687031637392742,0.0619560309079204,16.140478745099227
-0.42262428410668784,-31.291616872310527,2.9443795786999454,0.05089304600803126,19.649049888705687
-0.3743580439875331,-32.11771658005951,3.2040606703482784,0.04685838344332455,21.340898394617156
9.015406798152421e-05,-31.658784416539767,2.826783372203778,0.0019310726979400914,517.8468946646686
0.046883252257809795,-28.806143024426188,4.204687988551942,0.021084640826477798,47.42788877599536
-0.17182812918711793,-31.123876480869733,3.425417330894226,0.02673090437262451,37.40988281055368
-0.19828295379619093,-30.718569993221333,3.588604953922263,0.03622067752962393,27.60853932624884
0.13698637102568367,-30.60842162638088,3.9601380790208633,0.0019520508956614008,512.2817249399517
-0.01991613372864056,-31.286271825665402,2.8220799684673326,0.0030852102219110994,324.1270215228838
-0.20616064337599524,-30.79602458443697,3.55943980810303,0.036361285817024996,27.501777715786453
0.14489306476145658,-28.818873772021128,4.656957077327885,0.013935610161634497,71.75860894509343
-0.20159171991078084,-30.21689873296136,3.7522424029940753,0.04369216846198346,22.887396876859054
-0.0102801445043917,-30.780470223044034,4.017127809328855,0.01659944778463897,60.2429678971245
-0.22221880300930252,-31.57450294953548,3.1253759904859395,0.025697128135611407,38.91485440406811
-0.18355114029752595,-30.571481449609095,4.191066933422331,0.049871251353737586,20.051632410564235
-0.5284042744640322,-31.435765345620247,3.1647989983207836,0.07290221163089791,13.717004980081745
0.1017044248620155,-29.26499148289536,4.731307370273019,0.0198339609994979,50.41857246897457
-0.09895503627939126,-30.648173739692965,2.9389543086224705,0.011076597093861803,90.28043464306914
-0.05913760173685186,-30.13503402210627,4.19108448310031,0.03068321953009393,32.59110404040898
0.024244218208438695,-30.279486392141724,3.777760388003575,0.010496694334434462,95.26808804172707
-0.03423595316940885,-30.33583498053333,3.426536977621545,0.012008222704622809,83.2762703189232
-0.2610592990119053,-32.062677049929874,2.765400740759538,0.02186140720199727,45.74270955021777
0.18801296496488273,-28.71135572808505,4.196032305708822,0.0032577556139159304,306.9597964096413
0.20265012462715704,-29.56852740824872,4.002362064439909,0.00047080251246846814,2124.0328450179513
-0.2253460951102323,-30.1233812662189,3.744232445894208,0.04810980594404601,20.785783280087383
0.1967698285618079,-30.095733515136207,4.686133476635299,0.0032570043066907253,307.0306041492615
-0.0691099910571561,-30.332904274420713,3.538187195444457,0.018031647790453728,55.45804862766994
0.031151142348040246,-29.744322157047925,4.247215619976087,0.019278264804184576,51.87188837570787
0.0661839321935537,-28.556178574293888,4.088306237946963,0.017097274323524373,58.48885506996202
-0.33907163857882133,-31.703581968661997,3.0527812453658454,0.03967834424965054,25.202664549411164
-0.25465864929120813,-31.995295547389876,2.924631979885243,0.0243760370308388,41.02389566995129
-0.058376821349963436,-32.00950285895223,2.836284529210772,0.004501169187516372,222.16449956456177
0.08443817249664883,-29.318275932723132,3.3923434816562894,0.0033876320493463874,295.191445066456
0.01661712611819683,-31.755405349849557,3.2944698473318907,0.003524535934364869,283.725295648093
0.21307222103082132,-28.812520009483688,3.8165357894533734,0.00026566489544457427,3764.1405287159223
-0.24230247336347974,-32.557403924055244,2.515588721974688,0.014435774811781215,69.27234686314776
-0.09238196069879628,-30.671456900037093,3.9226196618214226,0.02735396204416269,36.55777537402115
0.017019019443548687,-30.967622524574487,3.2323626406462314,0.004083531613534287,244.88606790397841
-0.22314291984408519,-31.159338949951874,3.1912780305612185,0.028792496497650432,34.73127104770521
0.036789417790872664,-30.000748660180818,3.7388330397366603,0.009453223753519455,105.78401887797249
-0.4539366940121527,-31.82828596039446,3.040422871685557,0.0556969128973256,17.95431645993466
-0.005071137974811875,-29.985627248253948,4.0872495108353375,0.020584891672570455,48.579318070082856
0.01976407033684033,-30.176217337060944,3.920494770998419,0.013422872189223578,74.49970363294081
0.028684206904131225,-29.679203028167233,3.942450588069489,0.014551500057924535,68.72143737891919
-0.24913892573322494,-31.27822099916451,3.1589020560555383,0.03121232771726654,32.038622978023
0.027553183560754146,-29.728973658486765,3.413943546576342,0.007221418246741419,138.47695367197966
-0.3024507321731459,-31.29678859555179,3.0867238144795124,0.03701413001852116,27.016709551180025
0.006515159036482891,-29.461748418758866,4.244985305097698,0.024753799239889036,40.39783914820514
-0.3074672758404092,-31.7925139545793,3.364934150562224,0.04236921339428691,23.60204308477534
-0.10292085946944557,-29.853394140286404,2.945648046628251,0.013710511453887316,72.936739330499
-0.4309485902282004,-31.52475297272744,2.9528777258587118,0.051249303646175415,19.51246024539159
-0.4643200826748114,-30.921819749671776,3.1635059371671224,0.0657556375336814,15.207821526903748
0.11509374869473785,-30.204008503936024,3.7275653292462065,0.002407308366490882,415.4017050410927
0.022493319210139143,-30.56009801232223,3.487057924922164,0.0065676183012063375,152.26219827914184
-0.048906681200827876,-30.70205433049684,3.6207696345240867,0.015493330354366683,64.54390225521507
0.010332947623558405,-30.053660059600684,4.214463148506426,0.020314529526449913,49.22585082258393
-0.48018332199585434,-31.48327856227282,3.1509090327591185,0.06471481437159153,15.452412399083993
-0.2099394247778498,-30.69283172717447,3.7309504492703844,0.04174831062258336,23.95306504831502
-0.17262170181554734,-30.711567626794842,4.313425851952122,0.05017557210310837,19.93001690035638
0.09435952674199184,-29.735080980284103,3.4773312328972557,0.002732356564299318,365.9844447338588
-0.13246899599938722,-31.937818813440032,2.3450646319732087,0.005066939198397283,197.35780534258407
0.07354768580237034,-29.660462639989866,4.102793458750507,0.011264947543989243,88.77094155077363
-0.3443584853014672,-31.40287966384473,2.852476175595209,0.03669792886904279,27.24949420356985
-0.6799164967516182,-33.03783062419079,2.7625483116789873,0.07467201184480618,13.391898454247354
-0.13123230827170917,-31.40160352535414,3.123629957688604,0.015159153757732967,65.9667429977667
0.028219836155420848,-30.28351092422767,3.6707621641639543,0.008707072344556746,114.84916633604787
-0.3175121724537558,-31.43590756103003,3.153996625992656,0.04025485549854737,24.841723752705704
0.0056558396595215304,-29.58615460519558,4.129772573336328,0.02179756363486838,45.87668680550859
0.00927153218818135,-30.24820711365703,3.6373712529970303,0.010385197503156012,96.29089862721482
-0.30027832046991876,-31.269894037195957,3.4576947414039747,0.04620190478426637,21.64412927712324
-0.47596222101188485,-32.30166901751301,2.219789646042529,0.034498188778728796,28.987029041263437
-0.22730862388765033,-30.773608826061665,3.6303732111453852,0.041598392971376186,24.039390192022537
-0.19737252251098658,-31.13988305609326,3.0782398551687895,0.02309169729374784,43.30560838725153
0.008633657779322752,-29.618260555138217,4.47475958402746,0.028484778768983483,35.106468900818015
0.06973728913183819,-29.52507373184822,4.463839672500298,0.018450411964554617,54.19933180468361
-0.05992512091708255,-30.779030936690148,3.9336067672000112,0.022155522918266776,45.13547270759836
-0.014817671335482046,-29.764953868640724,4.398053186919741,0.029964269351226404,33.3730813949939
-0.013900197472188725,-30.20791649678116,4.13055153231626,0.021675443787269474,46.13515689987048
0.0684551140339192,-30.016836174340767,4.1911067067161785,0.011839213215230992,84.46507228314067
-0.022376070445192915,-30.98439886762071,3.130669716895902,0.005956355691513468,167.88789182365082
-0.2149785436108373,-31.082050189795495,2.866437910774809,0.021347350401927073,46.8442210003602
0.21564350807075774,-30.419302093468097,3.889171321789296,1.3850637952744689e-05,72198.8404730366
-0.0977283330111799,-30.178353185339603,4.208006457731624,0.03751310928292038,26.657347767632192
-0.1907339299178259,-31.505172705036927,3.6973891654937923,0.03368838408761943,29.683822097228543
-0.5430633278480854,-32.42314491886394,2.936370557398097,0.06306076064183519,15.857721819749019
-0.13300093398413493,-30.464086343771417,4.355749401993446,0.04570582611472326,21.87904879981743
-0.4070599591570341,-31.35986985834721,3.592917490970522,0.0668087805756406,14.96809238821242
-0.19434591507495902,-31.81167339832941,3.1075801691998297,0.021020981720142433,47.571517511087215
-0.19552524430774976,-30.881206457193276,3.22367175614742,0.026800164022199147,37.313204470378565
0.12862872470922943,-30.33918286250198,3.7641011225726677,0.0017391787624449438,574.9840221106405
-0.22937380296074578,-31.213063792179582,2.851385955565273,0.022367900467276974,44.70692282733222
-0.002177139595195799,-30.73314439275632,3.4215745905298394,0.0076850087338020965,130.12346955463485
-0.3355027475666458,-32.133536760026914,2.6659834278772614,0.028530856857913338,35.049771024407185
-0.31151798560847266,-30.5258026879239,3.512744235911031,0.05370245842584105,18.62112144048159
-0.061567039271323176,-30.729081496835185,3.694626697294077,0.018256611618435552,54.774676752733164
0.0884313586726901,-29.71045461245784,3.919229905166629,0.007060996873796514,141.62306227765345
-0.020162161658934093,-29.050789034836505,4.832061993038232,0.04758860505910138,21.01343375705333
-0.05376545215813125,-30.564757785348043,3.7849128389901923,0.01944473233401927,51.427810001296
-0.19715262176439113,-31.88832900018845,3.0595549699691564,0.020258451314887065,49.36211482588222
0.04070686259252569,-30.434928097667488,3.12391583997415,0.0026805435530656663,373.0586652309106
-0.2081204096572822,-30.857788993844345,3.3123993386802235,0.03061855492670824,32.65993455255168
-0.15150444659624274,-31.819059207888056,2.9999062566287815,0.01435770030461155,69.64903701735646
-0.5730275638163834,-31.48342431506754,2.4843703873391982,0.05786428602018267,17.281816968262717
-0.05283097486717687,-30.2710172180145,3.2863551973767864,0.0122250011846114,81.79958307560584
-0.38257388362378164,-31.40320337200417,2.762482602873443,0.03968550531678403,25.198116844365188
-0.47001686246858443,-31.995131052544636,3.2285844714487553,0.0627164818730033,15.944771934512103
-0.23798367772802742,-31.251791095422178,3.038128573369871,0.027149099058996286,36.83363480412195
0.13295042275594748,-29.355609680448346,3.21743984713379,0.0005151209884791417,1941.2915069766993
-0.2019079435270981,-31.156806195110086,2.9821399004896385,0.021735206892533106,46.00830371407871
-0.3265333440631871,-31.898035021506097,2.7671807575532936,0.030435574891882575,32.856287536947704
0.058672596110589975,-30.265050301026054,4.27767162500259,0.013444859898868117,74.37786689649232
0.16388945544492678,-29.454881975555026,5.333010840853223,0.019432186016650997,51.46101417221525
0.20397775160494755,-30.11683493484977,3.659651255563424,1.3593441817123855e-05,73564.88617476448
-0.0022739638938861066,-30.453642812690116,3.2802185634632406,0.006798604260910791,147.08901439514477
-0.14435710916520422,-30.739165984257355,3.568780765421768,0.027440656814869232,36.442276391071346
-0.2246489921467681,-30.303149546891163,3.9591711568274968,0.052736655646369195,18.962142891760106
0.09793951536456746,-28.455521915273454,4.846940338134585,0.028961508116658465,34.528588634678414
0.004874321901098301,-29.853892057169546,5.008768156421674,0.04033981507088806,24.789404667391935
0.05283657735165194,-29.999364962315518,3.7511920446853697,0.007932197092288477,126.06847615677376
-0.038813371034384536,-30.788138712650753,3.770439478717254,0.016320771285972733,61.27161409702943
-0.059867501455798444,-29.942750158744868,3.836974349665523,0.024166132424024763,41.380225120584456
-0.13460269609802994,-30.25280941301387,4.27676159748496,0.045396723413724756,22.028021513501365
0.042354804050989216,-29.73144561282102,3.9581079767332565,0.012797888926872714,78.13788709325512
0.027794626976387495,-30.296160930140978,3.6143184349228816,0.008055422413602548,124.13998281597001
-0.16819276942512568,-31.031875730508624,2.982290180186146,0.018100461570227114,55.247209918937585
0.0001991054596489465,-30.4515999648766,3.4475014302575864,0.008408407250702415,118.92858780317316
0.07764370783060348,-31.01881201132527,3.6993007739880506,0.0033680548367049958,296.9072798643358
0.06317914947857411,-29.29058180944906,4.026382649909328,0.012922235637673536,77.38599016756791
0.08531407254185089,-29.398307470008522,3.9966256056477416,0.009315111919333761,107.35244070707014
0.06274997717959238,-30.86661488484127,3.343000274757114,0.002316736824646603,431.6416044159616
-0.2848002170304962,-31.503285043881828,2.896138916086177,0.029308320363436727,34.12000372588867
-0.28868238983975536,-31.188366899341254,3.513793656016208,0.04624962889106472,21.621795114407863
-0.33049021496305,-30.780499826423686,3.3364558507641444,0.05036622770069352,19.854574099585196
0.0029667422572316263,-30.094355467671335,3.989879737707885,0.017132914143572035,58.36718678562819
0.025495165362993136,-30.720526115773573,3.61218486968217,0.007231688645917165,138.28028956481356
0.042194812505273224,-30.966569867043802,3.3885340091788607,0.003601130561621832,277.6905704717444
-0.2846344221538304,-30.1779926109825,3.5691015894330844,0.052955485235411354,18.88378504237177
-0.44701568520982654,-31.787965381863444,3.3873290573035946,0.06482164006494881,15.426946911525814
-0.17659401858292795,-31.040235206629788,3.382674658158596,0.026860173605623046,37.2298412766273
-0.18932096462338427,-31.363357948774304,3.2032622389939416,0.02370678140947184,42.18202305608886
0.1443427679185464,-29.721810314933435,4.2014119335740325,0.0045890246027796575,217.9112309387667
-0.23100245385530147,-31.3641835661277,3.171291109299394,0.028626452153002573,34.93272567118004
0.02436544260705456,-29.76915014918081,3.908353115117862,0.014203939875380345,70.40300147519616
-0.011745710969797197,-29.151873960292207,4.585477492786156,0.03833891088712917,26.08316138515327
-0.16646800756885144,-31.35238547496666,3.1822543430792543,0.020437061666081606,48.93071305155629
-0.20151492380094804,-30.126162026854917,3.718534433370113,0.04334337867941505,23.071574724167206
-0.021074213828582274,-30.52109520889409,3.7982955383738175,0.01546094920573277,64.6790819045709
0.0942400756731967,-30.504327084435303,2.430700071034429,1.9647321783698947e-05,50897.52237018295
-0.4115297272902821,-31.46087989697056,3.286876364751633,0.058095920988897064,17.21291242101341
-0.07070071845981127,-29.742111721125212,4.597675998320526,0.045528778390307265,21.964129839532276
-0.007308249937316708,-30.334507575592486,4.055887993928765,0.018710783583956687,53.4451160483432
0.07312996675740879,-29.739006717060597,4.554940814719339,0.01845720412395997,54.17938671989132
-0.07230479954271454,-30.58389510505309,3.6119027830470083,0.01879409070877265,53.20821398043071
-0.5495476138961437,-32.281818683255366,3.1137241684228463,0.0700212662175827,14.281375559428184
-0.16229640851356675,-30.183947052347694,4.012624150439617,0.04393552366591899,22.760625493026843
-0.23040387321478956,-30.895502725039957,3.4852765382646744,0.03784613782175595,26.42277541528022
-0.2530453634290257,-31.431163828433164,3.154939249527641,0.03104541239999196,32.21087828101324
-0.2325820510405296,-30.93850091748891,3.077451848480946,0.028487683478008445,35.1028893160782
-0.026354306883966817,-29.715878832265957,4.149963334164713,0.026696687392196397,37.457830827816714
-0.2280536277026244,-31.462823517859913,2.9157259834929032,0.022652728355186034,44.14479281790635
-0.0034893938974065153,-30.25067718960083,4.434468325246739,0.025875084532880763,38.647216735823605
-0.7119851476601549,-32.823194260540276,2.724305229680966,0.07899078928595828,12.659703859646887
-0.12625294360984407,-31.41725774303015,3.3696570672715054,0.018533561848680314,53.95616925470833
-0.49309201616110854,-31.782686991710868,3.071681956208606,0.06275097832787215,15.936006523675653
0.18077781121165995,-29.79325081764037,3.791209684022668,0.00043629062661792615,2292.0501587482704
-0.04459357565934978,-30.746756319249208,3.7147839320853184,0.01630896454132832,61.31597119277032
-0.15891559851372156,-30.298010434096383,4.09716847529641,0.04479896817170453,22.321942687769535
-0.49930850253312586,-32.85124091307878,2.1711242802107376,0.0343628422365403,29.101201615291107
-0.368202160874828,-31.08643526642619,2.7560505456796096,0.03884979439204854,25.740161966073927
-0.2036327264119518,-31.368928852501348,2.7906038886289046,0.017789181000963345,56.213942617473315
0.0137922477525071,-30.157742905038234,3.6474999583038406,0.010295126239975793,97.13334025152773
-0.011728294342142283,-30.486133408198256,3.911668400332201,0.01621348398812995,61.677058473805495
-0.10177121706125669,-30.72001236786864,3.7486597985471435,0.024968083875303894,40.051131075745346
-0.4953672813595683,-31.093120010840046,2.9508905448117417,0.06304501708875626,15.86168179782038
0.0011283582046969843,-29.103043795173626,4.383784096904648,0.031188012877799317,32.06360097125116
-0.21046722172560184,-31.37343022617459,2.5360449835078076,0.014279662965582907,70.02966403410343
0.12609710825759218,-29.59304398053053,4.890656966842323,0.016797727673109816,59.53186165774212
-0.14329911595289851,-30.03612745076901,3.6606406108753116,0.03282680956584201,30.46290557095599
-0.40667142344953144,-32.20960382791009,2.576236822558589,0.0351436320469409,28.45465712434938
0.08220562233486604,-29.149918937848113,4.638827398836561,0.022058010292687977,45.335004686777694
-0.2857390506355907,-31.876668180148787,2.542086401194086,0.020935361027721415,47.7660738057422
-0.21643959665489076,-31.570667001245575,2.9638928047585513,0.021814627990615194,45.84080005536684
-0.1516797433191181,-30.370406927466227,4.25713479643459,0.04719654482691075,21.187991698701964
-0.10101843569081384,-31.173904132406335,3.092059872919999,0.012095388045120184,82.67614038256873
-0.027401986853485084,-29.799098795312915,4.116166238455975,0.025666988712190704,38.960550114125525
-0.2777077802006749,-30.769878172055485,3.1967458535111875,0.03852914064453797,25.954381106648526
0.10734954216691484,-30.789016018271518,3.3397897169577817,0.0007268583855853191,1375.783811305592
-0.15550281303243396,-31.70615877121699,3.2975309828304296,0.01996582074393135,50.08559441784791
-0.487745786653888,-31.910224227931625,2.414309905911507,0.04248717636202699,23.53651349948857
-0.08485579775661015,-31.298332194821803,3.6978854087200483,0.019269951343292156,51.89426699554686
-0.32688069011856413,-30.89830919740936,3.1771063567879056,0.04483113174468851,22.305928070140183
0.04789295652231941,-30.413220976448244,3.723589867561185,0.007050299765263146,141.83794069679192
0.038612830335553516,-29.97321839259706,4.304138574804055,0.01805002416452501,55.40158788071712
-0.058663565326926105,-30.172727897077742,3.5979499476564105,0.01833899400074409,54.52861808883441
-0.5802659004051524,-31.603339904989966,2.5876329086663494,0.06160299862413562,16.232976029322817
-0.11862141427691944,-30.396221093103236,3.3703200033615484,0.02125210582704765,47.054160568280984
-0.007547597023666952,-31.429932976771433,3.431892968599704,0.006824012660515774,146.54134594240594
-0.17777788205815787,-30.977936271077887,3.66627595938308,0.0335230162264416,29.83025134866118
-0.4747989091697796,-31.360286525303152,3.1591564279936066,0.064797523531388,15.432688558160695
0.06839378911132407,-29.09595045446433,4.738697304053087,0.027137138785749842,36.84986865767575
-0.040518825597190236,-29.86263217223611,3.7680840866868204,0.020299373250268423,49.262604695776844
0.07487165659722517,-29.895647395121884,4.149161753328405,0.010883962009123838,91.87830673809016
-0.006204707766537941,-29.513825192246248,3.9022844466638764,0.019503419386739693,51.27306038857456
-0.07527444773667942,-30.155874228906786,4.168447550551271,0.03279636226563277,30.491186549914946
-0.1286799840966496,-29.639972506201033,4.225140855985375,0.04728975874064529,21.146227568729493
0.055379097778821856,-29.046546143457086,4.402320068181808,0.022364663511421707,44.71339349636523
-0.2953591030818932,-30.529936650054466,3.465457704882959,0.04969239065690869,20.123805411261106
0.054101071406774164,-29.79180053950885,3.519053629685203,0.0058383071678425385,171.2825261246978
0.15997174806432551,-28.56119737868965,3.5843975131244576,0.0014146508051357917,706.8882273770809
-0.30293574480280505,-31.416073524072054,3.297578700519928,0.041778762487093245,23.935606046467534
-0.15482825661371516,-30.69636124807988,3.78909311335153,0.034159956350024244,29.27404209049261
0.20473811931399183,-30.501645476752348,3.5829799312569217,8.428789271431351e-07,1186410.014294002
-0.13088387081216796,-30.0044132489096,4.045142382974083,0.040406535448153674,24.748471723914992
0.07350919982766774,-29.920480408757356,4.167345853045162,0.011218990106217687,89.13458257225747
0.03634724928150466,-29.807476867199153,3.4904651506956768,0.00707092021212817,141.42430829367612
-0.25897169236575035,-31.50712447932998,2.9695535554820363,0.027508934963082467,36.35182537390196
-0.028760586877323885,-30.92286934727015,3.623982334811107,0.012427052132064097,80.46960690056291
0.129287794264697,-29.678011989698717,4.193619555478833,0.006030715871778048,165.81779365194467
0.008627679992067221,-29.95131515929304,4.279274646859907,0.02236806178130626,44.70660040986356
0.18124621552960446,-31.166664231187525,3.266878155545366,5.0536598972941293e-08,19787639.459778998
-0.09797102905958907,-30.90068482203869,3.2719945058258357,0.015186953140369636,65.84599233020752
-0.37433406909366357,-32.67910209123467,2.1659683892292065,0.021021826925155494,47.569604847396164
-0.20538104773240154,-31.685947489922217,2.9926033733515767,0.020654650540526568,48.41524663115923
-0.050671252934695835,-30.451451292192388,3.564521093573253,0.015682029361290668,63.76725721917011
0.057758451907160106,-29.363981149026575,5.072339901325381,0.035175544513413225,28.428842078583248
-0.1393481994282076,-31.09504874691529,3.2804736461984705,0.01969347981757684,50.77822757903249
-0.23696191766383556,-30.995581212290304,4.1357642930762335,0.05515147112981623,18.13188260465777
-0.5421190115268875,-31.921170309444413,2.4935698671093025,0.0519920270373336,19.233718263801027
0.1488487496315941,-30.99845110589417,3.4082707585600565,0.00011038609500684543,9059.112018936683
0.1297440273949103,-30.000841221635497,4.386512845116893,0.007121653383211896,140.41683106304112
-0.6768256570584608,-31.47859786617139,2.8537788167015847,0.08506122502796432,11.756237929458985
0.0873023195450201,-28.274658454633666,4.248615634294989,0.01857181979352357,53.84501955746542
-0.30400544717291467,-31.281951756836193,3.1871800184486,0.039795426322552285,25.12851582226409
-0.44778561185132304,-31.48815539832441,2.5826155487459985,0.04345998611424552,23.00967141064537
-0.3648095985768175,-31.934847578946176,3.3176138220287323,0.04924068997965652,20.308407546952402
-0.03747800047733593,-30.9323414591096,3.79601220624262,0.016038772904602688,62.34890948004055
0.03901964998224701,-29.690260338492777,3.5118784443940285,0.007350153056376422,136.05158863086228
-0.09593934996263398,-30.276121747127213,3.700906240957169,0.025176138957671554,39.7201493716448
-0.15533333568676355,-30.739628139345754,3.6305125944019467,0.03042235100350422,32.87056940092547
-0.44220523861655087,-31.97915842401199,2.7945135528769116,0.04645399795176645,21.52667249519208
-0.0019741035099490383,-30.153335938021577,3.8857087770695364,0.015794413099621398,63.31352698530917
-0.002910457663365649,-31.148400054786684,3.0385482876406043,0.0036992678941305175,270.3237582729979
0.030843765206445925,-30.668125695177835,3.505556979331084,0.005830285198347343,171.51819610530558
-0.3488984036922216,-31.680060429180273,3.244227317751739,0.04611922594243403,21.68293113263
-0.026490753329741462,-29.896092067017015,4.004805275972732,0.022695368274181494,44.061853851369804
-0.17587180573397143,-32.156331119249856,2.351655389414227,0.007589942405957382,131.75330542891805
0.173966144043694,-29.167162162191424,4.734277455204664,0.009195090888226096,108.7536830419431
-0.33121695270221,-31.88213313714647,3.0495440330758945,0.037728448819450935,26.50519783586886
0.14839019699115236,-30.36508659569675,4.121667683428689,0.002487920729776606,401.94206673529806
-0.12567523407373365,-31.875926879939342,2.7383446723831764,0.00847199546109867,118.03594614654308
-0.11043516072792761,-30.13730660175772,4.072248119694287,0.03667840492164105,27.263999133451367
0.14074558586643068,-28.426891573187483,4.522951888995168,0.014390809022075403,69.48879652742293
-0.18193055539888633,-30.35180533543856,3.6474630998042477,0.03699148655623031,27.03324718999633
0.03867869526178708,-29.026761969928497,4.0778163634520315,0.01859333913995336,53.78270102389519
-0.18241899649103865,-30.754893089666414,3.447787767283538,0.030354571599433337,32.943966832945456
-0.3055186014230492,-31.094415048133953,3.7901510498424527,0.05701043124978433,17.540649633373594
-0.6161324060263532,-32.75347072032704,2.292156103838263,0.05255045360051049,19.029331461190008
0.04153088046520355,-29.223478437027225,3.1360752848095066,0.004411756068318278,226.66711044638308
-0.10201989005580397,-29.89777145032145,4.518649307257092,0.04827191638487792,20.71597887324127
-0.049852360293857305,-30.72561234338948,3.701599669701795,0.016847906190856014,59.35455650523133
0.07069331197248568,-29.568921303510095,3.3574878811039306,0.0036222689259161724,276.0700600790076
-0.2874309431413049,-30.969819252287586,3.5669139689689997,0.04864561692732902,20.556836631219735
-0.07361284747462121,-31.172640638017256,3.1222751780791027,0.009823516864173796,101.79653721031248
0.22811828723894517,-28.61775021158296,4.754358703604112,0.004989374892023348,200.42590938570837
-0.022519963461248082,-29.62913655815708,4.23229031241241,0.028391617491455322,35.22166358788673
0.030612546565416336,-30.4281568901081,3.7983522930011544,0.00961619153802084,103.99127305713125
0.1667977189432819,-30.58486094015799,3.2004246094616353,6.286771024434439e-06,159064.16761694616
-0.36732993375845824,-31.13344424944374,3.2639319877875783,0.05225573935332854,19.13665393266133
-0.21827245956529986,-31.312458867085788,3.4692183332650375,0.03361903648178302,29.745052346811455
-0.12767533034039175,-30.14036308408522,3.682881031397831,0.03031852710301203,32.98313261070832
-0.6707708053799502,-31.816585770181575,2.457918179933233,0.06910405130620487,14.470931603835067
-0.1483841326120986,-31.009791810006984,3.193822000220499,0.019553887760657345,51.14072517139082
-0.023816630891242103,-29.4943595164896,4.2784486106787885,0.030525051179286604,32.75997783350386
-0.02547405812356075,-29.640038149629135,4.13006246070975,0.02655317857746799,37.660274723138485
-0.38694663938269913,-31.799846637510917,3.0385218562340945,0.04583539816928496,21.817198932289763
-0.0070330297446064395,-30.383437681862517,4.202684862716108,0.021141687627025025,47.29991368909068
-0.11253337676364508,-30.608771189953526,3.563346019079947,0.02330907820157998,42.901739457556765
-0.10949511636595163,-30.20835615238746,4.138183170315009,0.037684966735055114,26.535780355878227
-0.4305181672368451,-31.381016807515262,3.0946645816611063,0.05594078496661248,17.876045189513103
-0.1600057559414522,-30.904992355674914,3.132165532642269,0.02022768124801185,49.437203787175974
-0.7105449754772677,-32.1161062145073,2.635548344931536,0.07924456519217643,12.619161927065843
0.14445270051776693,-29.833616702417977,4.144467286917614,0.003854254382975651,259.4535546011254
0.11642502567528071,-29.740423277047107,4.596662554889068,0.01258829126447561,79.43889913176847
-0.06135338246623723,-30.06706429615536,3.766955686670915,0.022370503602972287,44.70172052215819
-0.07892832922673843,-30.462189947810003,3.196507749562505,0.013191318421219735,75.80743395530399
-0.03745322855475426,-29.94557467633917,3.770909570595662,0.019541717785285465,51.17257402790765
-0.01994758029686472,-29.64435279863202,4.586844681189004,0.03622249459312232,27.60715437279334
-0.22736145377549594,-30.175654358727336,3.6838955119876418,0.04648275089493742,21.51335669139395
-0.14254635529961246,-30.89369165324826,3.7753848489065516,0.030903650971816212,32.35863623078027
-0.2468059728044707,-30.98364371823729,3.778855085579246,0.04744639039109763,21.07641891737311
-0.2177943677818345,-31.178694992889206,3.23728854370086,0.028969455001017476,34.51911677195438
-0.2864723393263857,-31.397124285747843,3.099284746571656,0.03460406267139329,28.898340911475877
-0.1003741797200644,-30.190545619868494,4.01659941449528,0.03331499569228071,30.016512961210022
0.18679965781651015,-28.45955633061039,4.212358516183963,0.0041301283370923855,242.12322678185856
-0.1716484073452493,-30.26327386127716,3.771370921905552,0.03887954475242464,25.720465771082292
-0.16823545600123402,-30.30167770156953,4.4198865493403385,0.05515453645076704,18.13087488991294
0.04988819940613022,-29.902461729232446,4.293067142289063,0.01650936099203125,60.57169629295045
-0.07414504935694058,-30.266690284475093,3.2633224271293084,0.014278056545094914,70.03754305368263
-0.5026238130643763,-31.74758238036809,2.3853495274119236,0.044236021953232854,22.606011025521656
-0.02894766981290412,-30.682975991563097,3.2435400969018016,0.00823890645336164,121.37533126037373
0.05759007777131572,-29.907509505213625,4.191097572916831,0.01370835586573838,72.94820836241374
0.06393866464233487,-28.45853611132528,4.474541643148614,0.026437312800793665,37.82532693602579
0.1022796796382871,-29.19979722256827,4.2598173667349855,0.011734223684946593,85.22080598164014
-0.05719439003563083,-29.43026286068241,4.2576433702066225,0.03644292703195523,27.440166897767106
-0.0958449375101777,-30.731200462576084,3.2742955880986724,0.015503013431942346,64.50358856940703
-0.0694439952364098,-30.466877993918352,3.7409933857202264,0.021247688793899943,47.0639423280283
-0.300481760009974,-31.954485148453518,2.584734939417269,0.023207071117784427,43.09031479778866
0.06152493279750473,-27.736294020073366,4.418908054931249,0.031243652024088606,32.006501648047035
-0.23433468998826087,-31.840883114352163,3.1801076397107364,0.027451269942774317,36.42818718713662
-0.4230924445464138,-32.27138193647532,2.7137660612772523,0.040518394990405736,24.680148368087824
-0.24308147052183499,-31.131702951739193,2.346953239474421,0.014914907137011726,67.04701482977887
-0.032753208841359335,-30.67529804514063,3.69071209089707,0.014684498563332923,68.09902263172896
0.028338657026868393,-29.490342676793226,3.9140242093929123,0.014917519491233417,67.03527356459432
0.12489074153707332,-30.239563214819906,3.502254897863821,0.0009784813531492744,1021.9918824017108
-0.3384431586982459,-31.322012448633146,2.8394612320403745,0.03588985018632028,27.86303076799018
-0.5807313925526498,-32.37694033385145,2.5603883005124604,0.057397026255018115,17.42250540223017
0.06806225752577105,-30.067611295280514,3.849539656999325,0.007344446401308174,136.157301089689
-0.14184309023099922,-30.584124357310465,3.736072652582597,0.03146582627141464,31.780509794159045
-0.10210568881166546,-30.748206981373002,3.930178258842947,0.028653892923553213,34.899271895373424
-0.30992878505384625,-31.322759861059964,3.213435803400075,0.04114899873790758,24.301927888193614
0.07319967858689577,-28.3703939448069,4.344436933686326,0.022398585862441586,44.645675675303266
0.020192718659117065,-29.76470810204436,4.3612353501554635,0.023164255815578048,43.16996013001619
-0.11263181914529036,-30.80166073190584,3.7093560225905176,0.02540655323332554,39.35992382816844
0.04594241022426081,-29.454504862348372,3.8643447864582834,0.01197470984250456,83.50933034305956
-0.04351523952332309,-30.29146137782962,3.667561746858329,0.01708250408318404,58.53942695581713
-0.12614811487889155,-30.94713748476495,3.7554448553223065,0.02770688889808767,36.0921070452273
-0.4493631669600746,-31.767456686345753,2.189359701892088,0.03222932618040283,31.02764216671877
-0.08533527436848466,-30.853493569922282,3.2123111906382635,0.013007704790975981,76.8775134483175
0.10242675347900987,-29.82678304445121,4.1049881469883776,0.007384297046019111,135.42250450760264
-0.04299048294339196,-29.798542197877733,3.6539108618635696,0.01877742116315437,53.255449260638116
-0.3675305449345825,-32.429333676780665,2.4474731141678916,0.026716303639672038,37.43032769380052
-0.1566055046603253,-30.550088700529273,3.8033806052415287,0.03556738626946702,28.115644833268348
0.035781563650854505,-29.88192213450079,4.222796615846153,0.017455013200203585,57.290131409831105
-0.26419144344353895,-31.55926147123644,3.304067567642231,0.03550310007130907,28.166554413317968
-0.3412439811520538,-31.656736337531335,2.9489222577573226,0.03761155566226363,26.587573483521673
0.07255627029842951,-29.392512437319503,4.793275578563411,0.025504744764811692,39.20839080027481
-0.19413164325182142,-31.019726309144843,3.275189574131298,0.027136267349943354,36.851052029530045
0.19325417458218247,-29.092792560601808,3.9763124034898114,0.0010660202626043272,938.0684730672593
-0.2819509756038733,-30.569370292703255,3.6050379273537,0.051105149927212296,19.567499585154792
-0.3912179149822673,-31.272130007625123,3.1764419483968225,0.052792435536034014,18.942107706272424
0.104881661169901,-29.817723172620738,3.4729691647454546,0.0020424865881597284,489.5992981285599
-0.2797414385830548,-31.454414640047375,3.4121000792246603,0.0409149256946988,24.440958477154616
-0.07737688824896918,-30.868172841866954,3.8658131613120927,0.023026296309920712,43.4286081678345
0.1653659795891783,-29.604317252984345,4.106975455822768,0.0025136622730962377,397.82591746831463
-0.03113692340064655,-29.489117613045067,4.272014445768356,0.03170347009759505,31.542288491500422
-0.35549113640981467,-31.01289814155698,3.4148237026746813,0.05527565126544198,18.09114821999744
-0.12458300419268556,-30.098640633535982,3.564692144357987,0.027411291514502126,36.481316448403874
0.036571480729294364,-30.024419085369175,4.170996200027877,0.015795979008134897,63.3072505024856
-0.036419479833292405,-29.732921378615572,4.05517888964153,0.026194200647075703,38.17638925017699
0.16609616344218195,-29.670059836762498,4.172182337456086,0.0027729635226989386,360.6250106841273
-0.09741408020104164,-29.630964085271025,3.967395648804276,0.03500356138746666,28.568521612148274
-0.24445261538171098,-31.2685061472431,3.493159773919601,0.038365736574703026,26.064923790864054
0.1920543817705931,-27.902582199369515,4.5265183025073235,0.009603953760956211,104.12378327615309
-0.24694913768197524,-30.862766870327537,3.101132503343478,0.03132453057851263,31.923862274442506
-0.13896730006787,-30.035802205911185,3.952488302887563,0.039264075696313246,25.46857355651177
-0.13214254507274947,-30.323629213355183,4.081224852618172,0.03951551414979738,25.30651622573226
-0.08179148907587282,-30.233527039517632,3.1271547353931597,0.013124491644658433,76.19342730177227
0.2221777745157169,-28.21890225885354,5.1473954793086465,0.013728603836707964,72.84061889280898
-0.08096790168798515,-30.99501252530399,3.552172595342165,0.01737772971727175,57.54491618120281
0.009131329661191139,-29.109084315839777,4.437363864280181,0.03097067815591182,32.2886052079914
-0.06009694995242381,-29.86246920433745,3.811367357760581,0.024070493479727,41.54464057175373
-0.09525853593609834,-30.47300663282141,3.17857571486157,0.014705498605833376,68.00177449293152
-0.45073202637436593,-31.884045000875467,3.2841734755990784,0.0619065060242292,16.153391044369652
-0.1879058256260872,-31.225830147437012,3.388860726042748,0.027816013875197727,35.95051413501251
-0.3027100004145467,-31.593229377429104,2.430926679998181,0.02141337413367406,46.69978648658777
-0.34179709234217037,-31.119271457074124,2.7304015548113583,0.03445965755005473,29.01944102454993
0.21331647880215587,-29.48878281816222,4.303992893162051,0.0010671375199414513,937.0863467108393
-0.12806431324957157,-30.282718091099532,3.7245195382239267,0.03058673574150415,32.69391047319466
0.04143990650767163,-29.260932217043646,4.036406832899899,0.016240020198475463,61.57627809440011
0.0830761967138906,-30.194272273104225,3.7915415831441015,0.005103847520698977,195.93061821389387
0.21802515007274856,-28.14455535782276,4.16769578240252,0.0020733184200737876,482.3185818049168
-0.31235124347933796,-32.34005949391592,2.349495757989741,0.0190004589206339,52.6303077297797
-0.18874419352607097,-30.41714416754032,4.141430932433215,0.0505234817262471,19.792776860041634
-0.28503800876942226,-30.697336975254693,3.902448941284113,0.059155905306162736,16.90448307441966
-0.07000221443359333,-30.628103335903987,3.245556990954836,0.012468736034068494,80.2005910837864
-0.27689281179589875,-31.339705524610906,3.4681897245019018,0.04243597840145844,23.56490972211523
-0.09892650942793543,-30.44308434557845,3.4585789570418193,0.0201046506742604,49.739735158904345
-0.5548161462698196,-31.60538995098787,2.583875733399262,0.05787278297956862,17.279279628785773
-0.7163525043482506,-32.42034366682614,2.1039081471975836,0.060762254052759646,16.457585644069486
-0.17514493085616895,-30.4487068085692,3.4321815185426363,0.03035054639855665,32.9483359827603
-0.19023076938675482,-31.320240068194074,2.9301132438478676,0.01886178622539531,53.017248104191246
-0.13105011933086852,-30.19343043621544,3.6936707090491314,0.030818523286740937,32.44801805381215
-0.021244599181924916,-30.726843329894862,2.8521257692884405,0.00396956572371459,251.91672580854325
-0.17131716030497124,-31.471913283768657,3.015102209119676,0.017708574964587647,56.46981770129607
0.06329727081686051,-30.00042937741306,3.813208002664668,0.007590997694771593,131.73498928721375
-0.012309556440847396,-30.2053524343186,3.6498416494398978,0.01317344746531432,75.91027349773091
-0.3682380739304031,-31.338007388911905,3.27765009035443,0.05170125108080414,19.341891716258377
-0.025973740821076258,-30.00056684610871,3.980116252429357,0.02160790249003669,46.279364712104545
-0.2952531192407094,-30.85530056981695,3.2230950765390727,0.04143484105699267,24.134278652704932
-7.637528119182418,-33.47063035685237,4.043076436649889,0.46289491504273095,2.1603175310484617
-0.28501660463425404,-30.82182848049049,3.3277160692957923,0.042744406530043966,23.39487388360686
0.0291194158317505,-29.705138488152492,4.166537595044261,0.01828034958761952,54.703549032632075
-0.05489678308319748,-30.895236877574884,3.337543684960361,0.011417698227309496,87.58332722510947
-0.22213933863580437,-30.80707263497259,3.6332763936331878,0.04065319190820619,24.59831450032197
-0.3521971339258346,-31.80228788548449,2.6583743325456295,0.03156030850783277,31.68536834016739
-0.010956398798945019,-30.59031688238838,3.7767939979717378,0.013607846503075068,73.48701352370652
-0.5109367582984614,-31.86812543888481,2.649816584340915,0.05251327831280542,19.042802737305948
0.09528238506286532,-29.221284431441045,4.483818144194029,0.016418867824545526,60.90553932744629
0.11144381659061263,-29.32769243716192,4.119028070038647,0.008144363919449867,122.7842972011432
-0.3566233452879706,-31.822575108162567,3.0933836548805997,0.04272349926340983,23.40632245113034
-0.0609956678128079,-30.892068495779075,3.6484375754311973,0.016799117848137743,59.52693522599786
-0.23606797512290284,-31.938085840291155,2.570177432354855,0.016042278969015316,62.335283031260026
0.07164698840558814,-30.26918735717547,3.7854587936138864,0.005857190870029795,170.73030778573775
-0.3844977189779679,-32.1797053022524,2.6059636735838065,0.03313852093547979,30.17636188250481
-0.20856051306419127,-31.467565422575593,2.993276880278695,0.02174187213796205,45.99419928764855
-0.1693509702953267,-31.27258252513345,3.1083168754808415,0.019716774115690634,50.71823586010446
-0.01893290041999229,-29.45007171077293,4.32778697831841,0.03110899303650873,32.14504560872238
-0.4537712356351681,-31.817425372857983,3.1396094864585455,0.05856404982432883,17.07532185700343
-0.3175865765561227,-30.934793882762662,3.052670499850561,0.03999022823348482,25.006108846427512
0.03695150273085683,-29.52025836575625,4.173168805179856,0.018135825931411408,55.13947938086411
-0.26934897741101343,-31.49766950281648,2.968609810293163,0.028887003426487673,34.6176439707505
-0.08188275467881735,-31.104303284102762,3.418175565252146,0.014975187717426761,66.7771261949719
-0.46803086634447755,-32.386406640607525,2.408989911786438,0.038120251596145904,26.232775444249786
-0.352457430446103,-32.01544204782011,2.8586642084046288,0.035547060077726136,28.13172166174727
-0.14558796608390467,-31.239770665335357,2.8691876004878996,0.013252420815298262,75.45791172323966
-0.21092242991242705,-31.164084789488527,3.810046913013439,0.04126646329081508,24.232752706544055
-0.30097028858642394,-32.018794482389296,2.6902431715053874,0.025210845268750812,39.665468941634956
0.0028045148420841894,-30.453228931317426,3.382203614876913,0.00743271062473566,134.54041876352
0.07798915703731685,-29.342488289392158,4.422360728463756,0.017352336673845215,57.629126197584526
-0.018453979656722762,-30.55311998108936,3.877825174964081,0.016292147680415342,61.37926193746033
-0.07426961861598388,-31.322769595632064,3.3475359971660117,0.012461459539117996,80.24742180969105
-0.08817106877539838,-29.438603581380605,4.948375728563581,0.06155795301264093,16.244854662315525
0.05297369827128595,-29.479919411284467,4.135165558852199,0.01529673668608453,65.37342052241128
-0.20118738515316234,-31.34304940095504,2.939608450632817,0.020248282152324257,49.38690563857103
0.18603667385176004,-27.99592791787711,4.589313124977766,0.011008274711833648,90.84075626537758
0.002165007359651561,-29.920759377022755,3.672506166915881,0.012752808681119391,78.41409880793601
-0.11543205012672153,-30.274886556013243,3.829113671251296,0.030994349330590105,32.26394557710694
-0.0910033223294428,-30.41891989543472,3.742127502063715,0.024620182088575623,40.61708383806084
0.24537393967281337,-30.31612564609223,4.173037748606733,2.1369776423315406e-06,467950.6140779995
-0.19555291148833462,-30.912098870979243,3.1677937164082124,0.0255083169542971,39.20290004988123
-0.18406153423636878,-29.354873721526662,3.944642127909815,0.05172950630414714,19.331326962999263
-0.10306485735915594,-30.687789053476827,3.871465842723385,0.02785542055459189,35.8996554383435
0.1334290138012804,-30.394702075653594,3.3508514526486435,0.0003601471791494571,2776.642600288176
-0.03013196712757385,-30.432337645284413,3.705257087826886,0.015447114732393605,64.73700864685978
-0.1365898584671224,-30.710498444426623,3.774239932656696,0.0308587588147846,32.40571035283812
-0.022201874753145914,-30.537151122167444,3.5952347678439787,0.012450582257075285,80.31752887956148
-0.0364967333609316,-30.421849719328858,3.905987759694508,0.01981489797794463,50.467077908403574
-0.36152489723811476,-31.536067681611165,3.48349681379153,0.05524966154408054,18.09965838799134
-0.07545819255897174,-30.914131391026686,3.5032785403333992,0.016162623648162,61.871143062451935
0.007334348393289144,-30.77480392275009,3.889193205267551,0.012411672309139463,80.56932016031713
-0.22253744573181675,-31.72777591392455,2.6677777676284897,0.016778832769089057,59.598901411202945
-0.12496258252434483,-31.635926936404395,2.9563561991206213,0.01152487598801892,86.76882953357453
-0.354292885508513,-31.939235831761373,3.276869461657311,0.04655262048368538,21.481067867070028
-0.18706519639145347,-29.898482353620377,4.377499146653482,0.06065634438755315,16.486321589225263
0.08542557852566715,-29.207536728535842,3.7827518606615174,0.007235922093067192,138.1993873259235
-0.3267627669814774,-31.997612553759502,3.4143172921940237,0.04558229331927831,21.93834331668139
-0.11692658504136264,-30.27863374708039,3.5421444761929735,0.024954585904612372,40.07279478899986
0.12031606962641572,-30.012932434556944,3.80201792900183,0.002808335631291946,356.0827946836113
-0.06003990879661511,-30.480946202136344,3.362921830734123,0.013531883728209376,73.89954126751326
0.12440648753263508,-28.453863831422105,4.8061079946048215,0.02285818032509789,43.748014311621176
-0.050605143599200444,-30.40050874465515,4.001761673803907,0.023842399638507806,41.94208700305913
-0.39099230023697024,-31.879397820890773,3.111561528329904,0.04800682250461066,20.830372597643972
0.19690674687041665,-28.766904591328718,3.8586997398575473,0.0008142099065215093,1228.1845160447979
0.07698843233745906,-30.18341857978697,3.5504594498492588,0.003640283149274402,274.703905985809
-0.09985857851008821,-29.540721712054996,3.953514538214523,0.035649873075854724,28.050590751676175
-0.40180967498212766,-32.27205671332854,2.6436538228536093,0.03594642571587016,27.81917757009441
-0.4019073122288469,-31.022286853236928,2.9014062458440177,0.04791119588232242,20.87194822805426
0.027180338000187168,-31.499820077101987,3.1859868889587286,0.0026056514137070604,383.78118989343244
-0.15465865880372837,-31.856652297880274,2.8304565484361763,0.012168893753558277,82.1767385147555
-0.6226763944777884,-33.03598075730833,2.40878345011837,0.05586640399897771,17.899845496021165
-0.000984053843140591,-29.5260863849318,4.028529067016291,0.021122863471327188,47.34206616245142
0.019616446727056,-30.39273196414942,4.641551917129557,0.025403352211414005,39.36488348772683
0.01321737917273165,-29.725926935536876,4.306090929347608,0.023402298109351825,42.73084614713068
0.07261183626952812,-29.28782620995917,4.641892883964674,0.02292421235160515,43.62200038379858
-0.006525902068195449,-30.82701900064577,3.6491774513572306,0.010583304510460047,94.48844630820614
-0.1510350926198657,-30.553000541272088,3.4891463862745162,0.027562614908524106,36.281027882109136
0.07498897873409333,-30.382768954732345,4.126424485758868,0.008937291003496899,111.8907283659813
0.07041264826494131,-30.286636933952742,3.98037631339327,0.00798419977597326,125.24736705728304
0.1577751348735111,-29.615103084737253,3.612071901165313,0.0007007839249025267,1426.9733714840731
-0.08488441477807912,-30.687264528817153,3.9878670823548172,0.0274707948585351,36.4022957890242
0.04077354852738732,-29.364602241989928,4.175413528940516,0.018384599657068776,54.39335197138794
0.07137022291245429,-29.614861701941912,4.817093936985737,0.024743508771253482,40.41464002719696
-0.3805194115246864,-32.106182271961416,2.6503299803392313,0.03393909582197318,29.464544525448737
0.2093454911561787,-29.04001437540581,3.9502275840226533,0.0004913104767472341,2035.372839229058
0.014380471808833856,-30.33807721039892,3.5197419478169403,0.008163193872062848,122.50107196673731
0.040894561870362875,-30.76972814432913,3.740350452149909,0.007038500987159612,142.0757064358316
-0.3163634051180982,-31.71899913180805,2.845834488948797,0.03153694813951239,31.70883864780524
-0.21666264464613144,-30.700377465185923,3.557985854685705,0.03847526385455847,25.990724944216907
0.09811274384488951,-29.944107078286233,4.4881790478426495,0.012598307843515706,79.37573937873692
-0.6558509982942919,-32.182149538305254,3.0157819889752435,0.08347713114222459,11.97932878522436
0.06080693328134889,-29.29575349840922,4.622822020001923,0.024558610239736448,40.71891651189508
-0.0044714194126167055,-29.827551166756226,3.888156137685165,0.017545763818227558,56.99381402598968
0.19050205500495115,-29.096057066365574,4.50606455465404,0.004798961950986285,208.37839728953873
-0.224524782163477,-30.649687674959385,4.053061048990552,0.052979034277070236,18.875391249492978
-0.036857172627174056,-30.89566722735147,3.325216726479523,0.009445877624751698,105.86628789045811
-0.22643157105592604,-30.350316060808602,3.708568898419095,0.04592191642436408,21.77609468121948
-0.04576800603891579,-29.90739833445987,3.407063325811502,0.01442656154525048,69.31658641342854
0.11246943983545485,-28.92490324362805,3.5367370039005253,0.0032655561788699295,306.2265492385611
0.019874963255288598,-30.204718630439345,3.383158550426247,0.006495450389927491,153.95391234928098
-0.15019319599615177,-29.849221275572624,3.9758825722441893,0.04302761240026265,23.240889842958047
-0.2345100603059634,-31.23552382678003,2.964386878900304,0.025209148729641417,39.66813837010609
-0.056625173523616984,-29.4260861381388,3.850746202392103,0.026677504769277827,37.484765110101804
0.050194966367510765,-29.150073618375153,5.023685815494996,0.0372935077904236,26.81431861061846
-0.162454217231849,-30.076976993678752,4.120211189988499,0.0475284815438542,21.040015744607935
0.023868585462593683,-30.502507736195323,3.5588088824677717,0.00731349738432956,136.73348706498123
-0.1678240649641159,-31.33079324151897,3.090706124657844,0.019033799580179197,52.53811756226264
-0.1624653717229103,-30.22915952480293,3.678921176726541,0.03528933567985198,28.337172710534702
-0.40295201291578653,-31.5379995794837,3.2790490538122286,0.05611712118322986,17.819873488072687
0.14008755526800187,-29.119834420678814,4.716990683153462,0.01409144189684609,70.96505860225825
-0.2146420724186041,-31.12406954066534,3.2525047486057828,0.02908371079334947,34.38350790603614
-0.22947755375937667,-31.407640007732798,3.1597250064794613,0.028002046099208935,35.71167608456477
0.15012492640119057,-29.474770481064162,4.4243748427675476,0.0069889354870172424,143.08330672927457
-0.0648796886008437,-30.244891988265195,4.270665420481119,0.032831265065646265,30.458771478969677
0.05242190563263292,-29.07848867757038,4.1023206180464005,0.016715877667459193,59.8233619492622
0.01758915657904786,-30.54485798494059,3.4928215525960926,0.007087702672652051,141.0894398630048
-0.6481352214682912,-31.313338956545856,2.853650849177285,0.08171897312112943,12.237060278740065
0.07459172463649988,-29.786398185055745,3.510645050460959,0.004169853599367584,239.8165729731288
0.057565324594939626,-30.280121198917545,3.777414256043354,0.007033807817231117,142.17050365667419
-0.16239153301588594,-31.128198020430464,3.3172755273704673,0.02324735688237954,43.015642813052665
0.04714618497673946,-30.44464509212692,3.1801648148657438,0.0026626444554022567,375.5664778942203
-0.07723638566980509,-30.747151777740335,3.927463824211159,0.024762671430693488,40.38336505004438
-0.07248606967545874,-29.8991218457359,4.132325590057766,0.033027999145359525,30.277341221879656
-0.15758776172891165,-31.726849068238618,2.697493209986444,0.010933248422399667,91.46412496685194
-0.010372320756369947,-30.405752006907285,4.050254792563198,0.01873779639054007,53.368068430120104
0.09541660844089564,-29.80927369192989,4.128225470607994,0.008477334115442702,117.96161226892708
-0.012902869103578263,-30.448245162532622,4.31889246338364,0.02399420221997457,41.67673468916275
0.0272796323645298,-30.033867096218774,3.992178549496267,0.014108796499849504,70.87776764025669
0.05280612246053473,-29.63164705755193,4.3645178749793185,0.01869535683788981,53.48921706449078
-0.2770494147459037,-29.764517347245196,3.3760074572451613,0.04873598151383594,20.5187208493196
-0.4806762080552195,-31.750643840928113,2.624285011637678,0.048058785822197615,20.8078498632838
-0.08992934743175385,-30.735110569824464,3.5906385444343782,0.020187618076651936,49.53531398320606
-0.3464462839554816,-31.351409533056778,2.4893412639700605,0.02845792139708354,35.13960088815493
-0.38061478215017724,-32.20770195026408,2.451429741006273,0.028991804018685077,34.49250689455216
-0.18461694210712215,-30.877760236010324,3.4664476000149165,0.030532924221233552,32.75153053648784
-0.05457291043179838,-30.018538844680954,4.240725695696105,0.0317309960064416,31.51492628208057
-0.21816146501857187,-30.799229613361014,3.120055536457442,0.028011818796226506,35.69921707956753
-0.08618120271756505,-29.85527220328912,4.324444292875989,0.04049126857675627,24.696682399672778
0.30148228179188097,-28.53032600593958,4.980479427810815,0.0008928135483610368,1120.0546876060835
-0.21196311453990901,-31.069278839428506,3.1380971319628577,0.02648498189770414,37.757246875320135
-0.08952160798856515,-30.8171904481776,3.291900477520307,0.01478193840718153,67.65012628615531
-0.0014887346579378561,-31.1586047013671,3.0482779527972355,0.0036708427623256767,272.4170074139722
-0.4628847495752577,-31.98304033450399,2.189943158162473,0.0331712012447605,30.146632092738976
0.0716514962269356,-30.290548860729224,3.820093013877159,0.00614475400699466,162.74044475363635
-0.050463409947589966,-30.929836593445952,3.866511111464683,0.018956517317337707,52.752305882969125
0.1292045332215565,-29.141804975303977,3.9162247103280716,0.004699604087938101,212.78388163942952
-0.420166027564931,-32.250852287936425,2.730677978741186,0.040634389574010464,24.609696626022274
-0.10444784794678787,-31.38894363970934,3.4799933860311603,0.017778473701601762,56.247798139719066
0.0014652251949612836,-30.47704648871614,3.335518797404876,0.007003457115054806,142.78662431592178
0.015312468564002623,-31.113284545319754,3.426725633250099,0.005526976105808063,180.93076229317197
-0.14235866916789797,-30.871376062163442,3.2125118458333706,0.01961585619211223,50.97916655823119
0.17118428537883734,-29.903575364692927,4.180561841897841,0.002124817350403104,470.6286871247017
0.11410502378272075,-29.947778049618165,3.537039012527794,0.0017766827464048831,562.8466883147819
-0.1790530724429606,-29.388172123683248,4.423282678821667,0.06472501991123848,15.44997593467508
-0.010705053156473018,-30.94825467926084,3.341347835896883,0.007133603528969231,140.1816061039903
0.13314682247306092,-30.590519551031953,4.30477077181014,0.004479539041682676,223.23725514944147
0.1253028282431244,-28.382857255286655,4.493134191474138,0.01657651297843739,60.32631840609619
-0.23068043849187758,-31.114648269554706,2.8293450903160706,0.02241287648607277,44.61720924672003
-0.2578356917392708,-30.84270826842569,3.652887086958085,0.04678930429043754,21.37240583430459
0.07320341772994093,-29.322694757056304,3.7527208689490994,0.0077911753887631345,128.35033869758027
-0.051091773167993695,-30.456831825942544,3.88217879105319,0.021325037386680554,46.89323548968744
0.13498716907784752,-28.96410268510266,3.898687242844514,0.004469389299268587,223.74421493416324
0.04806039628418385,-29.031783761441936,3.6753507614594723,0.010472439635388275,95.48873374460125
0.06849031103534729,-30.188977250884527,3.680509495542396,0.005318162978987817,188.03485413121464
-0.0097041680819549,-30.635002813337962,3.6871375172259264,0.012013841081103082,83.23732545230092
-0.5062257597637063,-32.23767795917728,2.71548504956925,0.05216263335186027,19.17081128275394
-0.18492637791302613,-30.498001087975414,3.5823144746407984,0.03510823906810194,28.48334255842992
-0.47015423719866223,-32.23131304804546,2.1977327635212602,0.03346397988475677,29.882877154594258
-0.11869739594809026,-30.33437025685216,3.8485206858424967,0.03164258756846319,31.602978038264386
-0.13737149050657493,-30.682558734428632,3.4294118537225904,0.023813227987416894,41.99346684659502
0.028710060014588028,-29.969689328727902,4.388426473968815,0.021190363870517974,47.19126137287779
-0.16880660967288832,-31.063528968993744,3.8266531426196515,0.035355287023118256,28.284312876490468
-0.2769941457570357,-30.751684316657766,3.4532484840930113,0.04514350931780224,22.151578712239196
0.06712313714410101,-30.008737161324056,3.8571023765393853,0.007682632859837837,130.16371057214724
0.01606562673376053,-30.812390096524922,3.3940250607657685,0.00571524268301896,174.97069773978006
0.13899146717946217,-29.030291104480238,4.283381887833349,0.008095534688771817,123.52488605687282
-0.364641658825545,-31.986121943099562,3.10627874441997,0.04350108615682649,22.987931758643526
0.02613830288558676,-29.551650127857158,3.768630556644206,0.01261436065153025,79.27472724340491
-0.0643715673723595,-30.31476150577653,4.183340709108843,0.030353412363086925,32.94522500594067
0.1927625537817922,-28.652493456597597,3.7819327888336955,0.0008033601078590095,1244.7717906544358
-0.0453056689962731,-31.150165562228462,3.3862889003333545,0.010412814868290576,96.03551130494317
0.005042538313003745,-29.56492988342979,4.143082329445443,0.022278509796068897,44.886305644036064
-0.17350726378304732,-31.085459416981138,3.1875696481071976,0.022351230146707816,44.74026679678269
0.06724479467674725,-29.182083972962637,4.47605560462964,0.021058971114608718,47.48570072857429
-0.7282974792411727,-31.656032683446544,3.293788437203278,0.10656028563944432,9.384359229137054
0.08008310986317374,-30.572740898970537,4.248489392272278,0.009265038065241682,107.93263804835914
-0.6283528853233946,-31.569088072225,3.1318539404994388,0.08651971613436911,11.558059187884457
-0.38516643906623516,-31.887209023789623,3.3258038444556215,0.052838477237470816,18.925602180125704
-0.35931255236978976,-31.19440205895696,3.550541944449004,0.05869533283235777,17.037129729822684
-0.1307175686632622,-30.94719871484801,3.3384292152548607,0.020164747974293847,49.59149508215062
-0.09119753237794094,-30.722920644145525,3.3840444455078793,0.016776286302429853,59.60794790770598
-0.8545707562569789,-32.31744536084886,2.3812593006343485,0.08931003066525002,11.196950583839557
-0.3106392343326869,-32.062633307984825,3.1121992541919967,0.03558242213937463,28.103764158691845
-0.08745825094109322,-30.6085400391975,3.9536453580335342,0.027550417092614594,36.29709113435051
0.061420114293178674,-28.64978001445901,3.834289576069673,0.012767960638313508,78.32104345616841
0.062073676837264447,-28.942877402471268,4.015239076461754,0.014422701256877099,69.33513924953381
0.07213807336360026,-30.36505582591829,3.6840931514761226,0.004712318189443033,212.209778669083
-0.5093167953671436,-31.64760508988603,2.7554020170892217,0.056397019774101595,17.731433398528903
0.15746946198316136,-28.76442303697175,4.437308255400568,0.008932687753094522,111.94838861949174
0.052855463801829275,-29.366472588138258,3.0675668577546684,0.002965773915376658,337.18011842214156
-0.2351368004051202,-31.559480831138487,2.8468535668638593,0.02187230935174747,45.71990931173008
-0.15145775696724356,-29.787351152304304,4.4715285437371755,0.0574019446356366,17.421012586726448
-0.31520645604853936,-30.592892645304428,3.7640706549997827,0.061120537122809064,16.361112762976987
0.027227282104900934,-29.4179677202113,4.05125840589729,0.01783386952495179,56.07308041593981
-0.20150629543754983,-29.934288002651186,3.767537638422583,0.04585246880620511,21.80907650199791
0.10728222573783866,-29.279775346969842,3.7357083461909353,0.004575518573227669,218.5544619687946
-0.05967160027599952,-29.725935748682772,3.9500185688347833,0.02770851006611941,36.08999537014985
-0.1857481431059581,-31.296357455871547,3.215851452652175,0.0237291463067454,42.14226618492944
-0.08959024882720137,-30.30126040823262,3.290195725546904,0.016434265898938615,60.848473923291195
-0.39010140112017866,-30.970772641165603,3.429765545685017,0.061573112779601244,16.24085505599602
-0.07805113165626476,-30.230590350593694,4.312976110688792,0.03623195369760767,27.599946951412342
-0.20218783560129833,-31.676443788677467,3.3514769585642394,0.027228152034230187,36.72669370814584
-0.5592220702722621,-31.50970260588184,2.996460064329653,0.07193837170941232,13.90078724660877
0.072485828398869,-29.53261900633435,3.677744308411838,0.006439310427372017,155.29613167106086
0.07960624151174119,-30.003412820814837,4.027444736176992,0.008386914060320882,119.23336674344557
0.09722963987811667,-29.52588850589906,3.9227096741739658,0.006735392683943072,148.46944297456673
-0.3417531230203239,-31.326731801138912,2.8630968729441943,0.03691408707242315,27.089929057112045
-0.2129276642701441,-30.537503563450223,3.5642015412149677,0.038901000817605565,25.706279503930563
0.08069280193917287,-28.333209208905068,4.5140184411900055,0.02519506659261627,39.69030985983036
-0.2714680830801145,-31.265397208202728,2.8866588156133623,0.028227165824600865,35.42686524796154
-0.31537918070532933,-31.111649950359514,3.5282442848663615,0.05136080186754897,19.470101003851827
0.08867238300393473,-31.09037372399694,3.0999215782752154,0.0005163027328209961,1936.8481637433117
-0.18157738278444546,-30.761248418195024,3.4982887492750567,0.031333668153271,31.914552586324223
0.03216368236132855,-29.458253566449287,3.412117157986904,0.007444803847991522,134.3218734056751
-0.47202801260418137,-32.531836796534634,2.622221383837581,0.04371785060912789,22.873951625407884
0.08302846460755675,-29.502280584774205,4.472561216918441,0.01664213290805807,60.08845173420067
-0.04144908943904921,-30.314950103515258,3.86795489942959,0.020292121902396872,49.28020858586906
-0.004151069709788584,-30.91648614519357,3.501810159239856,0.008336030155028925,119.96117833099778
0.10556460656954286,-28.70335909781691,4.3289872734108865,0.014792848602074079,67.60023217298335
-0.0718962041036611,-30.464568195161107,3.9694941479309325,0.026166779799922647,38.21639527852626
-0.5509239374073411,-32.20988376023614,2.200433463319295,0.04345986137729074,23.009737452189253
0.18956941902645383,-29.882789043893844,4.14596894397595,0.0010764300459819357,928.9967366971673
0.013815636768480064,-30.24727279557759,4.15156173204606,0.017734563899625452,56.38706458528251
-0.22752419962059456,-31.008323132844687,3.612115436926952,0.03992222539473797,25.04870382631042
-0.24488437416697884,-30.95660801323833,3.5472725347329455,0.04134531086749328,24.1865396345641
0.29637311787126974,-29.023403463620262,4.753025420036439,8.993811522766983e-05,11118.756463470405
-0.044023981731336426,-29.575263075346548,4.517013064125354,0.03954482136595205,25.28776121520166
0.08079662616180017,-30.38352645782942,4.4122245124176285,0.012024769420803893,83.1616777840175
-0.2041970211415054,-31.22035533950048,3.2764018686376986,0.027746251975894982,36.04090386221414
-0.31355362637481377,-31.623856746714786,3.02130532611334,0.035626098434719915,28.069309970396194
-0.2165677043228,-30.498614262295902,3.6347307211225344,0.04148685597140091,24.10401985364601
0.014836139885300395,-30.323179141671964,3.767744591593563,0.01129356771716899,88.54597812166611
-0.05175109931757364,-30.714954693008305,3.72971529153439,0.01760997042874524,56.78601244938336
0.05023444068147326,-29.321541497598826,3.2984682508580674,0.005031724483243054,198.73902144886094
-0.04759278393511358,-30.353291014332278,3.7372900679409273,0.018606592148442885,53.74439295611079
-0.19435325796355335,-31.00903939815268,3.8732021299928032,0.04093236972025011,24.430542546997437
-0.12057196405028245,-30.909026110673086,3.6844562206904,0.025589280198931263,39.078863970615515
-0.23620722525622473,-31.698378997995857,3.2979045128794255,0.03075415926701108,32.51592707568063
0.11749229222317348,-29.55320874728051,4.803163838219,0.016850511892400007,59.34537813364735
-0.23724402873179729,-31.388393720072244,3.2766962659467826,0.03171436027586674,31.53145739978734
-0.2236222806896087,-31.422807390662854,3.2246719857443322,0.02852524023308741,35.05667233049506
-0.09483460468302796,-30.42154224969832,3.00095938650899,0.012107603227413728,82.59272964411531
-0.26277411996790356,-31.700341900867677,3.037013249297763,0.028747845468398116,34.785215507690076
0.04206190238973884,-29.274468915125432,4.5757756504318,0.02703357263647661,36.99104123036599
-0.3139430987442229,-31.71192154951609,2.5325064320809485,0.02440460368267932,40.975875412790664
-0.37419152272690587,-31.326372462135858,2.8589010418996823,0.04135747488793586,24.179425912961236
0.11613946999020075,-29.14862876182321,3.9928874238918075,0.0067019228552732185,149.2109088085337
-0.2557741209646102,-31.088735236670523,3.4528605159012273,0.040022311877226824,24.986062850832262
-0.8656301161170945,-32.49473264511805,2.194368873760336,0.08313804796360992,12.02818714769087
-0.29314430759870536,-31.540711822569982,2.9004547839781276,0.030366283420304573,32.93126083817504
-0.02590438688369137,-30.26171356772433,4.81036991448798,0.03838261633620308,26.053461057494
0.01720893991414979,-30.95195707265048,3.332924324091594,0.004867622709427202,205.43909413177897
0.12317207329755296,-29.406492695514245,4.050822723253473,0.0058940964007898515,169.66129021337227
0.0329662812704304,-30.92943666751472,3.0098297731065324,0.001984879721686773,503.80886512870853
-0.2558039194307274,-31.409170062093995,3.5108253882945393,0.03986195133459308,25.086579219521997
-0.32734328184981226,-31.24050699471701,3.3913982810819094,0.04888306992289127,20.45698033240162
-0.27000078386123494,-32.32859304822138,2.533633055885028,0.01795732555939184,55.68757979536608
-0.5601505117342421,-31.421121734328693,2.9795981871986164,0.07202513894945246,13.884041247067973
0.018699512013711082,-30.61195240697753,3.0920381709670908,0.0034698139613303426,288.1998894305548
-0.16379057795373203,-31.221025856387335,3.635148911812942,0.029556903732145836,33.833043171988564
0.14553401597080529,-29.583761882415253,4.538535635489145,0.008538815168016706,117.1122667868062
0.24056785574038636,-28.15476322495788,4.17801634980063,0.0008981174788518779,1113.4400827811137
-0.09586533289079044,-30.987227696803572,3.833729407136898,0.02459342589558686,40.66127282329722
0.07088037670014044,-29.54295774155996,4.259796726124662,0.014563838040547625,68.66321894104216
0.05685694088372366,-29.226735962621483,3.2862944928011366,0.004607238118079723,217.04977567271817
0.03507387176239925,-30.21126886123186,3.5878352653415053,0.007276825483398428,137.42256184120816
-0.2981947930230774,-31.3284803921833,2.790568100935297,0.029333276303174165,34.09097537092335
0.04222618283305411,-29.9412493079069,4.4873621496006475,0.021076152615179238,47.44698988750873
0.06057641838533548,-29.282563058178287,3.9452200160048196,0.012025103210075341,83.15936940667095
-0.23583733779956126,-31.859129346146197,2.68178864906962,0.018090636827258328,55.27721381777095
-0.20252597989084975,-30.49776247622041,3.0287925081038938,0.025134099022923958,39.78658630603524
0.07620411946409916,-30.795096747910762,3.260404429525601,0.001441510846735715,693.7165975993096
-0.3270597796238372,-31.852358024742763,2.6116282790600964,0.027212995030209877,36.74714962060858
0.02224602409249053,-30.320113049584968,4.086738670111535,0.015150840456951494,66.00293910039696
-0.1472422795326755,-30.050207464979245,4.170064283057753,0.04628662804725326,21.604511760483316
-0.054226931289134306,-29.990015472803417,4.03931066361543,0.027324260846371816,36.59751330959727
-0.045461576462605104,-30.01057835912826,3.310476056063732,0.01255091218635933,79.67548375382843
0.0650327408572417,-30.367273288280153,3.745527325881379,0.005835196518872573,171.3738340715235
-0.18684867636528257,-30.962143100561555,3.7993927391566515,0.038164897335721905,26.202088039262495
-0.03196707816330785,-29.267974801911876,4.634102030595832,0.042671775611487654,23.434693908795076
-0.11893576904549662,-30.30683122450551,4.168025622226989,0.0394587957532274,25.342892019663534
-0.08904585244349819,-31.167176673457746,2.9020066238019746,0.008596946287460262,116.3203731374508
-0.2733479290878045,-30.927339908029822,2.7163772289628496,0.025955638025444382,38.527274845630735
-0.12411064122967587,-30.788416617278592,3.628130572504465,0.025492649928924645,39.22699298770714
0.18320487826718762,-30.336204996111704,3.8572788780251983,0.0002846969049323878,3512.5074515210777
0.01810367523442795,-29.777359921147827,4.312692942971601,0.022450073387433708,44.54328423530873
-0.09761718446361987,-31.72688619245615,3.065402890959522,0.010152127234612883,98.50152356154267
-0.01605143463083804,-29.9833083639743,4.003297652946266,0.020646040293921666,48.43543777711248
-0.2603339256095709,-31.697247047825346,3.0938331701434167,0.029658999757266196,33.7165787175614
0.0564850377777669,-29.94703403905755,4.284242147860217,0.015199848196489141,65.7901307350543
0.018799756480088012,-30.28502769030709,4.249832572109337,0.018568066168326323,53.85590459095921
-0.11501633942046752,-30.614120807403232,3.513018572860374,0.02264577899555729,44.15833962683212
-0.024163555525904587,-31.215476932720144,3.4018993382583895,0.008408781345669336,118.92329683599358
0.055714311095894295,-29.468732114345883,4.8118435145048375,0.028529505359183364,35.05143140093419
-0.18592338766591932,-31.40089671916655,2.9684378545123966,0.01879736295319515,53.19895149601404
0.008010310177952857,-29.45962274795729,4.008626942637571,0.01969592459932147,50.77192466681408
0.0849510025205526,-30.239694740520562,4.147103290990104,0.008520044667715684,117.37027668284641
-0.06674817340278347,-30.194016659422182,3.7363962089115916,0.021974571702700712,45.50714405401122
0.11389671531442878,-30.29051164793799,3.6618019323527298,0.0020188811482780796,495.3238583920149
0.21778204335598828,-29.040673845599983,3.994398300240375,0.00038002512360154337,2631.404972710438
-0.08531699808913035,-31.357417331144728,2.8579978066161695,0.0074674445981908946,133.91461923162652
0.01658138435123617,-30.831272071947254,3.4547984358993866,0.006201119501768347,161.26120448329277
-0.022057732621395813,-30.664355439919532,3.866073209653356,0.016151303460086742,61.914507548645204
-0.3639375268276578,-30.821023716886582,3.3496321235487603,0.055872888287172365,17.897768142220528
-0.47670830892911437,-31.619170766314053,2.827800913973369,0.05393495918682872,18.54085022176501
-0.34150482941225835,-31.236752870122864,3.0061074141343296,0.04089885726558162,24.450560892358933
-0.13812078107147904,-30.597269080819796,3.417969790783548,0.024040048482101336,41.597253880104915
-0.12971943459822521,-31.59925369000743,3.608966710335727,0.022594685343696765,44.25819544678766
0.10615829279307078,-30.154133942364197,4.087812515780106,0.005938122683063172,168.40339167330094
-0.48992655955022174,-32.08038141828211,2.4341326773414633,0.042686281117511125,23.426730411278943
0.10572691645236348,-27.663825042036933,4.315286645890357,0.020941780704377178,47.7514311756203
0.14690479674505735,-28.285063645910103,4.599370868956131,0.015678527820142337,63.781498586575935
-0.05349537879170964,-30.252781063799787,2.798976633031268,0.0063464818069867805,157.56761468993886
0.1307127680661604,-29.462039035375923,4.271057165321876,0.007393445879708755,135.25492933470858
-0.38737901087458854,-31.522094312919993,3.2371369855901957,0.05260688617300495,19.00891827566762
-0.025807901206421954,-31.59335501237918,3.0310922401385554,0.004467804857737837,223.82356254170094
0.017132286466845146,-30.246354577840954,4.2825751816846935,0.01959719361721198,51.02771445405898
0.012629178580455877,-30.054185961288713,4.10783366583278,0.018006829217740886,55.53448571693949
-0.2366395147588941,-31.651412007653224,3.236789002783436,0.02968113159100962,33.69143783934771
0.2110404384015314,-28.612334110083353,4.592938239479219,0.005111195819593506,195.6489313452933
0.03861018985403142,-29.83397197394004,3.99516714066168,0.013456833947689205,74.31168459738028
-0.06909408630554748,-30.734795863556517,3.8083561425608803,0.021319083979834803,46.90633054149397
-0.41482565116857417,-32.38208241825886,2.7580359574039273,0.04010830852153767,24.932489971822477
-0.23202735617623782,-31.258094172308134,3.7990153359639427,0.04395159349472347,22.75230362512461
-0.5595839409372028,-32.123366276555195,2.873373056256692,0.06502696684028708,15.378235347438284
0.03347973148173172,-30.38519066056825,3.690398472174392,0.008140734252630946,122.83904239679819
-0.2663944687393004,-31.754303165313402,3.3895581731519346,0.03696191324254445,27.054876554630436
-0.09158771945506763,-30.186570107996488,4.305946070919269,0.038769909522359224,25.793199218669418
0.21030884005324213,-28.975561615930935,3.918327836432229,0.0004334212770557048,2307.224063371205
-0.08290825392520407,-30.09553438691048,3.3020080139671,0.016535357136250057,60.4764681984234
0.16630664015979216,-30.46443519136387,3.9569339591916313,0.0008406068005437274,1189.6168331652477
-0.38530635414800773,-31.82006637291778,3.0131799196986933,0.044838463559316664,22.302280689816747
0.1680395396103755,-29.194027510261314,4.862370412264626,0.01182828883851267,84.54308257539503
0.19708748492975176,-30.049992419102786,3.442404167292821,2.912565694958838e-06,343339.8950385332
0.10418475809703757,-29.73699618176881,4.346636239031962,0.010562810615029094,94.67177216802212
0.18123505872897738,-29.84827409066188,4.205530726044476,0.001765301711433584,566.4754039058342
-0.2736640597947212,-31.30552793201419,2.7797717393645693,0.02605273845508162,38.383680921839854
-0.08203117556072989,-30.220651124125695,3.685995253709554,0.023077662828731374,43.331944288353746
0.020619772287931177,-30.49665011478689,3.743207993561047,0.009800954676476039,102.03087689000036
0.025643576157765913,-30.452365079314454,3.9436734720287445,0.012053975184820084,82.96018406104972
-0.19396473876764087,-30.595976862952423,4.283101561506827,0.05407301310172931,18.49351354100922
0.19008639667026217,-29.284743193435503,4.974518200051144,0.009854979718039182,101.47154318030066
-0.08283307540523463,-31.47116482280375,2.9438652673070234,0.007977466762621477,125.35307632812872
-0.32393564002354236,-31.504631688209507,3.120522595160133,0.040048784875933885,24.96954659418194
-0.13308152229524667,-30.200884190316728,4.485239050761403,0.05102267775414659,19.599128152750282
-0.1701873612137936,-30.213446797205734,3.422223012844416,0.030509110304443914,32.77709477664911
0.14614222391100687,-29.88050711219891,3.6001249370513397,0.0008416553644461295,1188.1347666073189
0.07912595093707914,-29.024095954695213,4.4775641049176045,0.02004472063584889,49.88844784454389
-0.12004795888167775,-30.072555776435266,4.245151751518915,0.04315364301062564,23.173014610928025
0.0739145643452099,-29.974868011430083,4.224337714559146,0.011781464373786283,84.87909212924299
-0.38698016303654237,-30.78958979618288,2.8016609399622094,0.04404453782735918,22.70429091388556
-0.031532023856065336,-30.274406325467318,3.6596117614274615,0.015461357832816363,64.67737250589491
-0.1904843805239514,-30.813497969875804,3.6045245574042513,0.03489226457369634,28.65964740946776
-0.3821904689519432,-30.448406454315084,4.041372974199297,0.08228498530865729,12.152885441358753
0.016553705096493197,-29.247410822523058,4.521081957184132,0.030628509184410065,32.64932008212142
-0.08568885448069505,-30.5496799316059,4.120819728430305,0.031202201055232037,32.04902110046235
-0.043471299868905175,-30.286642655077507,4.120665433535896,0.025723037086470335,38.87565829176426
-0.28769506266993344,-31.653589055928116,3.387007883493556,0.04056343221980057,24.652746211940656
0.09091699259617522,-29.58788506480102,3.763502746961179,0.005516936296153448,181.26002301263222
-0.15135147063476395,-29.929700002817498,3.9894457155271876,0.04305814598034734,23.224409161890563
-0.33030389513207153,-31.57530753948346,2.485241864935116,0.025723580324972784,38.87483730362321
-0.10658618552137232,-30.348770564088568,3.4050907552119876,0.020493576732710843,48.79577699113152
0.09768832804316797,-30.300800445235687,3.3668097282776,0.0014197956821307292,704.3266947391124
-0.013010448136243122,-29.50027321647764,4.1917358987006645,0.026646612493906468,37.528222404580674
-0.17332783432057663,-30.656031610626332,3.043097450810096,0.021073579900145165,47.452782334012056
-0.04336114782436541,-30.687310398083845,3.5291688504391026,0.013461354137400747,74.28673146794502
0.10254902026481372,-29.17763550903299,4.591480982254519,0.017496987083781605,57.15269693071472
0.12537241021377982,-30.45066067306496,3.7092091533539975,0.0015375078874400381,650.4031674692786
-0.056399387549456004,-30.7124546439207,3.388120082069382,0.012797955645453959,78.13747974311946
-0.14891137271464824,-30.146551925711467,4.167626319164794,0.04586330396139677,21.803924131626058
0.17184921431845135,-30.052107893021095,2.8423873121867773,1.2463855030490856e-09,802319986.5159355
0.04960967381958421,-29.941242174827615,4.092105758113446,0.013095966023017139,76.35939175792188
0.16152056508368917,-29.35094282817881,3.6714588497848357,0.0009439498654338109,1059.3782960501087
-0.11600687625803772,-30.199181690875832,4.0237224220625105,0.03608273259836329,27.71408726525773
-0.09863499013274084,-30.737814939576047,3.462460062155338,0.019017759063472518,52.582430803884975
0.06439839008504966,-29.301699080204322,3.7575457528902363,0.00885011499252094,112.99288210888565
-0.34825393991387676,-32.09752116431883,2.8704977473878985,0.034952791895712626,28.6100178487505
0.1320305463214981,-29.1777916644268,3.678050977753106,0.0025728093310129676,388.6801823772458
0.18220545823563328,-27.518448840552285,3.661036347145246,0.0021711670621090686,460.58178453969424
-0.03887796082972002,-31.162245321660667,3.541523784130978,0.011729008438451554,85.25869899809011
0.12762793909550807,-29.911707035080696,4.017543097587025,0.00400857933504572,249.46493917616186
-0.114857788333001,-30.975564620851316,3.5355472389463394,0.021605035017318655,46.285507021784376
0.06229935565613941,-29.298763966426154,4.455824160972914,0.020782678566025847,48.11699304413696
-0.021845970022824013,-31.744251655271263,2.9865450536355573,0.0037420969212545447,267.22985027997305
0.09932882814429901,-29.809281495804793,3.668634421930986,0.0036015422630126977,277.65882696139676
0.034487831374170067,-30.221400623363344,4.324175124210276,0.017842405425820072,56.046254758502556
-0.46459248247913965,-31.749555886705267,3.181177782890905,0.061780240505711556,16.18640509998582
-0.35467160562025724,-31.519206197430037,3.107540063618071,0.044175063080469444,22.637205931735664
-0.719411398122615,-33.30387369680811,2.1518174223504776,0.059447206644047686,16.8216482565397
-0.11653314767043335,-30.298829354682333,4.407226566546444,0.04513587627339533,22.155324822826916
0.048574819370990285,-31.33339740247756,3.4571346350530483,0.003190380828513737,313.4422044737078
-0.41946192189262543,-30.970172966786905,3.4471594249952227,0.06689634768939738,14.948499201227591
0.012910297367480759,-29.88829427068969,3.925551707508789,0.015532812924079473,64.37983930455812
0.027504182186904032,-29.517495464457085,3.8989046648414694,0.014661924199659287,68.2038719053832
0.07392987491900076,-30.010500029278973,3.6312791981479364,0.004805007709471847,208.11621134941265
-0.049217042880465835,-30.01001727608711,3.555554844673134,0.016979973119059043,58.89290830958723
-0.21944374351522034,-31.577662720087304,3.4768605650439,0.032777607206324,30.508633339381266
0.17644410201988153,-30.706026458793886,3.9639017612355305,0.00044631252030667256,2240.582449519621
-0.10481693137101225,-29.747627990493463,4.288736354192081,0.04377274218700444,22.84526739786677
-0.20016148008829426,-30.8586984426694,4.001293028013055,0.046010058865199724,21.734377757042218
-0.22996726645050608,-31.17872455612811,3.27130475050069,0.03144354867198703,31.80302612888275
-0.12962582426024288,-30.993600708743557,3.261501936904706,0.018492414259863026,54.07622747076655
-0.16906320655319657,-30.44145743877076,3.689718724550621,0.03545811702197401,28.202287204937665
-0.0933160043455556,-29.79393169448352,3.761923345221758,0.028523761015053734,35.058490339764056
0.00799784374797691,-29.603572969565064,3.5133874666712392,0.010808753027299394,92.51761026219447
-0.1215367471842449,-30.963783541984487,3.389323618281738,0.019846103249052643,50.38772536103455
-0.3885048561634936,-31.3114739461501,3.6417452743032794,0.0654458327358011,15.279811688498327
-0.2609585075163785,-31.917863781886197,2.8430628032336136,0.02378278956970428,42.04721221070932
0.04675067172282109,-29.759896234208945,4.612142815386386,0.023870812120932675,41.89216499773315
0.03566362237003788,-29.49585275931891,4.461057451739462,0.0242200610219105,41.28808755251927
0.08141705409471164,-29.770541847396117,3.968861227638058,0.008191467559274886,122.0782470007756
-0.12004583528853296,-30.37546227494832,3.774133444696444,0.029962170154261787,33.375419565787396
-0.15017393346090002,-30.730171331105225,3.6864206553534355,0.030919283381738456,32.34227610173591
-0.3522962433605974,-32.370666050988206,2.691632835338389,0.030414561978077594,32.878987398233335
-0.5325895316471511,-31.034735863815477,3.2603037187327506,0.0789526726488525,12.665815689958585
-0.17873165892866438,-30.918193459905652,4.045556929722975,0.04307606633627797,23.214747423624804
0.03655597011741045,-29.91680006274968,4.513124739566669,0.0226587039421722,44.13315088771728
-0.41033990081556226,-32.39712715817225,2.3913733754945357,0.030574367764731183,32.70713584970813
-0.031226331655481252,-30.133804650678535,3.844628112095936,0.01919586529153197,52.094551863787984
0.03415307127003804,-29.903622421840304,4.087468260238291,0.015260701490892469,65.52778721193101
0.1440146054250706,-29.64158416843223,4.3480616315938985,0.006270963544725338,159.46512730744936
0.035115977470744575,-31.025324887067576,3.5996815832612876,0.005656094032712999,176.80045526406153
0.16533297886319398,-30.885653560649228,3.119778799937123,1.2115462246304743e-06,825391.5365920136
0.04715507450114289,-30.098524497184297,4.013825033052193,0.011658440161613819,85.77476799105303
0.1783204507051514,-30.226293509807725,3.466164688247365,4.120974124350093e-05,24266.107231568873
0.1219142208105986,-30.173245906567605,3.596599342298493,0.0014763043751976812,677.3670909605597
0.09469090373361116,-30.20179758562992,4.096387485826229,0.0070206273434075105,142.43741350821264
-0.3607383550268348,-32.20351990629104,2.7161705113724812,0.03260506768530458,30.670078947595922
-0.044745569190435645,-30.169197926470094,3.31194803132427,0.012013943165174696,83.2366181736851
-0.06485110247159234,-31.02383233105902,3.4332950937096482,0.013486422933121191,74.14864600932161
-0.1258667149295733,-30.770551359122056,3.7768117808421904,0.02895441287271989,34.53704982366175
-0.1513063086110829,-30.380537307937878,3.418783438385314,0.0268659643111185,37.22181673509293
0.05857512195689274,-30.685058309467827,3.938208896690621,0.0076467560558599,130.77440848053143
0.03540088488354158,-30.472967981076174,3.4329303564525695,0.005186750191791434,192.7989517564588
-0.10418703118739861,-29.679388205070047,4.760707112088416,0.057219530409678254,17.476550276456962
0.09042904046538217,-29.36351246818777,3.9293847011429,0.007997216242783744,125.04351134713232
-0.6040960135747492,-32.4708104747439,2.0649891962485727,0.04519409613501332,22.12678392798452
-0.41955252198682264,-31.26653887082674,2.9956288184716113,0.05201530600942004,19.225110389985954
-0.16031149797901656,-29.649088994189793,3.488801724093029,0.033487374016488165,29.862001108466444
0.09100847482919919,-30.152057211639622,4.208487059153643,0.008863122403642005,112.82705512326935
-0.11614590074739302,-30.03101035156211,4.1260589633596565,0.03968496388563994,25.198460628103316
-0.3008661278014786,-31.168130921414757,3.411830411305692,0.045627165778486474,21.916767849549554
-0.2646031903391052,-30.973847677929314,3.3610170343366033,0.03967149369883282,25.20701659462399
-0.07722683487080731,-30.210916243023828,3.7968874680555285,0.024661847146719835,40.54846314028046
-0.1577211715116561,-30.594181940816497,3.683660863867773,0.03271305992008429,30.56883099419406
0.09172060738566676,-29.05502560748631,4.598961177920744,0.02018441086179034,49.54318492857417
0.024446460489211987,-30.64323930000585,4.011288608133024,0.012510099380392355,79.93541614604159
-0.47254547289825033,-31.167459598603266,2.6567606252697225,0.05041131539789833,19.836816240698422
-0.5507165549998313,-31.844739981116497,3.5156092132978687,0.0849284397731772,11.774618757518118
0.09618018120697254,-29.898705557488604,3.8022370273021755,0.004742670456989656,210.85167292747892
-0.3443728863631763,-32.10212899696596,2.6139069350111472,0.028576715111728556,34.99352518616027
-0.1260855633699589,-30.591358121309206,4.408311720299128,0.044917678695718125,22.262949222603687
-0.13933315002248456,-30.874839980426604,3.8526514366848748,0.03220742456452972,31.04874150978553
-0.14141202877135023,-31.283092312202562,2.868724881749288,0.0127249766725815,78.58560575240185
-0.2536917241063581,-30.881702416087165,3.766179913355474,0.04886717438699336,20.463634587928276
-0.076905688615064,-30.117047627497286,4.152532730778711,0.03293886376174674,30.359274297777727
0.023653660437641187,-31.42866630484543,2.977472987672173,0.0018336774701402238,545.3521768599408
0.11557141756203355,-28.78303870743199,4.161143051981217,0.010263702797277442,97.43072453980847
0.0365677314552556,-29.642524392826907,3.4613984885870472,0.007132216349308058,140.2088707105774
-0.1384001242111711,-30.15348550917664,3.4160372705957056,0.025967068981811663,38.5103147644595
-0.11273678507127663,-30.180130041716133,3.9776157881768923,0.034535529391627885,28.955687595234036
-0.5499922825510728,-31.521993854774188,3.26996793760744,0.07908130166441957,12.645214215662337
0.12254480875230858,-29.25028965340909,3.456494411813981,0.0017474997206216902,572.2461572950868
0.04989215636437895,-30.913007829015985,3.728192746108392,0.0058204453515772045,171.80815892877052
-0.1396784892118651,-29.941151366066062,4.29879884794299,0.0491353612727229,20.35194153655571
0.14071342020942368,-29.334342375969598,4.060748261763485,0.0045680698416677564,218.91083863877836
0.19203374680516275,-28.602690852670268,4.805801391661232,0.010396363270943025,96.18748152009243
-0.3464102937082252,-31.194538558829194,3.0133585884787726,0.041993529556802134,23.81319242640369
-0.17376147450340598,-31.081785925136003,3.1887036590472055,0.022419093721281362,44.60483605770149
-0.3233756804064192,-30.76974332233648,3.2465383479321277,0.04682802453466575,21.35473383592601
-0.17009080281210834,-30.052962560281095,4.099951825247477,0.048529722151921154,20.60592881347071
-0.1836713503314083,-31.216929713581212,3.313495699286433,0.025703098949474475,38.90581450764893
0.2669584098745732,-28.06208870301262,4.868205789586758,0.003983412758328026,251.0410195150688
-0.2169418805479978,-31.721552423331097,2.727141637661691,0.01720042849173279,58.138086529683825
-0.22927563036266965,-31.452852321314765,3.3406111545789514,0.031723583635557856,31.522289899150454
-0.02646094723035327,-29.56269003665907,3.629037861539892,0.01706658958591518,58.59401463695395
-0.30786059551783046,-32.36829690756462,2.339826848344104,0.01830969781476257,54.61586587156722
-0.0688311254774796,-30.11316240266391,3.9940794609524723,0.028034510981784052,35.67032079317413
-0.08501566179055431,-30.250867119550165,3.1380338458865764,0.013593557714313515,73.5642589685728
-0.019080180911372008,-31.122680585167544,2.9008098660390953,0.0037156165383494667,269.1343387238273
-0.003777809121147263,-30.455354830060404,3.248444270937019,0.006597540336452802,151.57163867188336
0.159766693689602,-29.91675797054831,3.8321288562928366,0.0010923547568548737,915.4535133615539
0.11223299989980028,-30.46243501908888,4.28496689078755,0.006536363898733397,152.99025811487914
0.0245335685476573,-29.57619123963926,4.183683044914813,0.01995459699944572,50.11376576674423
-0.13039280371510586,-30.803817836092513,3.8019276238028556,0.030036528799946803,33.2927951382242
-0.26738391247175297,-31.274538081563215,3.244878193922868,0.0358373751370034,27.903829345120297
0.17223850838929528,-30.667522506691633,3.2548223386349626,4.085081113762796e-06,244793.18088225013
0.11129220660119087,-29.825944503423692,3.9480231219764432,0.004936315241177962,202.5802549355353
0.23005955955771845,-28.501082578334305,5.072442655545533,0.009422968071406607,106.12367487845322
-0.05544146646858271,-29.82073551352665,4.121625033360141,0.030335527904872595,32.9646480237905
0.09704142222128481,-30.69427359254717,3.9618933280952997,0.004425854102439267,225.9450892086252
-0.010339749115197944,-30.258106259179286,4.0310498925820095,0.019044306606241353,52.50913150454488
-0.5373841783236231,-32.059446316638194,3.209956934102289,0.07223719840387134,13.84328326811755
-0.12466287066252689,-30.57952601828614,3.303456841698906,0.020081324039581287,49.79751325305793
-0.17301465894090157,-31.540959812109243,3.2272045101221165,0.02144562024590346,46.62956764754892
-0.08259920249866251,-29.67537305010029,3.7860717641674713,0.028006329381880996,35.70621434763818
0.012782370156073197,-28.484747024773295,4.6646467656517565,0.04119309760668447,24.275911696374305
-0.33686036400357344,-30.628952796534353,3.2936515880924553,0.051025043547121986,19.59821943270843
0.045019305843428066,-29.913517372756196,3.9644113472942593,0.01187424271306415,84.21589689250591
0.08476473885942157,-29.182028707404633,3.947134426005007,0.009469242962580775,105.60506303953332
-0.14450793581101412,-31.15742061832347,3.043055714111578,0.016048736930254572,62.31019950952225
0.13461124036158512,-29.59147827776004,4.346838460352289,0.007430441752526833,134.5815004417382
-0.31604998660747985,-32.42854757176094,2.8447998424821055,0.029004155651630194,34.47781800687566
-0.04846219650156655,-30.438616887969857,2.86682337058407,0.006326923936768907,158.05468976614398
-0.2201457471946313,-30.88832536621878,3.3829206435902703,0.03386866941854777,29.525813005584506
-0.09573865748862967,-31.068519627900145,3.3925624362102713,0.01632654362863965,61.2499511682205
0.07710378659097603,-29.398491160839512,3.9452869353929905,0.009579934711708742,104.38484500085212
-0.3558407690408689,-32.25901661661205,2.3347341306758675,0.023497469419204768,42.557774293034626
-0.08992206727475308,-29.50120810287332,4.546664481042758,0.04982456620905667,20.07042059943171
-1.1237292566023904,-32.906529226350955,1.793873498305504,0.09799091232985055,10.205027958448493
-0.19589570021098798,-31.510566564645536,3.2202913145094008,0.024369784314871634,41.03442144088863
-0.039472158533105504,-30.878300251018672,3.02902967095424,0.006474561771993839,154.45060765742767
-0.12483422053984843,-31.24446653352813,3.1919501943862,0.01596709990315514,62.6287808096195
-0.0110000728960887,-29.91899567420826,3.3000036942247974,0.00905133822267994,110.48090076827533
0.1441197835046285,-29.711331282680845,3.6368690434325925,0.0011569583928160718,864.3353176824014
-0.187170641837347,-31.1993529868259,3.175458991063898,0.023474826889921717,42.59882318575576
0.08121001271774408,-30.236093419154713,3.7395228193114,0.004719000479567526,211.90928128315113
-0.14655086275938792,-29.893505665782143,3.193079655685593,0.023520786877015414,42.515584415979006
-0.24403443966821026,-30.315442395649328,3.726774040945503,0.0496170027018402,20.154381473004857
-0.11881513185275458,-31.44597680692056,2.8162359818104403,0.009587002042808037,104.30789474486224
-0.261527501644508,-31.221644615672723,3.4782973560267356,0.04088295524484845,24.46007129403903
-0.0942662251200479,-30.469782041257755,3.310242778012756,0.016768160221099546,59.63683474002651
-0.12987900759025975,-30.671328735688554,3.47185769862262,0.023665201662884282,42.25613684790047
-0.631442051216252,-31.62177469113682,2.993883756381112,0.08216770381092954,12.170231777451532
-0.23395241019964164,-31.850882899440656,3.4716723280787565,0.03360975144613561,29.75326972002878
-0.36361461055629385,-31.7349707117826,3.356588032110104,0.051084739813098655,19.575317475603345
0.06198267830185715,-29.688713927286052,4.338124326846581,0.01652090347473365,60.52937731458551
0.24574204267214933,-29.12197280827351,4.354744517662981,0.0004048587836297418,2469.997046956839
0.20131124945162313,-29.50857605275057,3.221763726502835,3.180125144169207e-08,31445303.397368196
-0.26361639861838204,-31.123087512867414,3.3179086665497284,0.03773486035189951,26.50069433607064
-0.44184639582810215,-32.403493740010376,2.706877986712642,0.04236872348636749,23.602315994291374
-0.028314258938600068,-29.69892595269853,4.458770760337671,0.03426454408002257,29.184687170054453
-0.19834474196406127,-31.104096471736298,3.0621230529458607,0.023024735341750247,43.43155242209112
0.23701418136896707,-30.112963322117743,4.153701903661132,2.4275768847947033e-05,41193.340003505946
-0.27701135311606306,-30.81867684814086,3.5810744113209374,0.048174875183227675,20.7577081662716
-0.23923867786404268,-31.685535235280263,2.735887342531893,0.019898689504291175,50.25456574838
-0.18879841485989357,-31.074912922192524,3.2669998394705315,0.026009185935972467,38.44795459810729
0.04483191351323723,-28.84684551665316,4.742810496246156,0.033704123449674196,29.669960160606596
-0.1174411516423906,-31.598403151731617,3.114680903221214,0.013032689900341609,76.73013074405985
0.1801397143733351,-29.436255867681595,4.068593862775039,0.0016844642982758876,593.6605489493232
-0.18021677666038283,-30.62944266709608,3.7644738036848002,0.03804988244755925,26.28129012956113
-0.13040396713375976,-29.67150970996002,4.141721436747506,0.04511219614487189,22.166954514664535
0.06383923888723514,-29.36434253804117,3.8984332570323366,0.010618588585201098,94.17447450536683
0.03329771802449241,-29.842505388829835,4.190850453465677,0.01743938032105717,57.34148700183747
-0.23048176856308178,-30.938967349599693,3.7147017256037196,0.04333952990989213,23.073623596728325
-0.0703079484680604,-31.1443460045394,3.888506872775287,0.02125404607831609,47.04986506170348
0.021574439617546626,-30.99916725742668,3.5426831868538935,0.006291817603270542,158.93658447444363
-0.33414966018173076,-31.969534455033106,2.98946569626649,0.036342686951998,27.5158521251006
-0.32681537872319966,-31.0939172022329,3.7626911963146865,0.05986592630914135,16.70399276603698
-0.07340510341634675,-30.290067568417463,3.4476601383020684,0.017162715641249934,58.265837464354306
-0.0047430576311474175,-30.063572269717625,3.689846863646096,0.013355456337492178,74.87576423672957
-0.1237034140760474,-31.41586629772806,2.9636882814906285,0.012002762754349975,83.31415195535591
-0.07978157408209723,-30.454910942149965,3.712406531560042,0.022227945355552323,44.988413638969554
-0.1683030513775666,-30.964446305008742,3.2634744309820665,0.02359933251068623,42.37407984090994
-0.024124656286340626,-30.01087011539708,3.577675493878343,0.014166803033021093,70.58755582816545
-0.5038019078251899,-32.21705265656384,2.6774650077099507,0.05082772657007401,19.67430116358525
-0.17623760668864236,-30.91300169523592,3.8334779722117194,0.03751457863931072,26.656303663027725
-0.23327343688665297,-31.616534040106146,3.3549747607012677,0.03192475890953999,31.323650801358838
0.0197605823860516,-30.312866513294956,4.3011599697996346,0.01921623950323955,52.03931808985915
-0.38599621651033433,-32.30841838295841,2.8799579669902196,0.03950884752649853,25.310786383462624
-0.41419226686067784,-31.62144989151234,2.8131604534149575,0.04453023773517853,22.456650825603116
0.03501380779584181,-30.391427079775312,3.838829967404341,0.009756172186352368,102.49921597313254
-0.20047505152742737,-31.963825609696194,2.8568672583977426,0.01695868863750104,58.966823518929566
0.050836704250639214,-30.251379035382342,3.8988607949754486,0.009197504574952829,108.72514298315842
-0.297137371387833,-31.33377607751212,3.369735213644481,0.04311933981460863,23.19144969054477
-0.4718854303540748,-32.366548512293534,2.790106929095632,0.04888361344511535,20.456752877378054
-0.3071277310524486,-31.497397684584538,2.7527155541612425,0.029028304952283607,34.44913513358043
0.05928956081475402,-29.33601136476276,4.178618727440318,0.015815332422923555,63.22978064947586
0.0359942685812797,-30.90195969548946,3.4051371891787006,0.004210106433935312,237.52368632288238
0.06883021272221324,-30.672525339049518,3.4084645254104853,0.0025663327157457337,389.66108870626954
0.015688985946960513,-29.473997081187036,3.656389511015818,0.012458562768380064,80.2660803329585
-0.3416586104181092,-31.11318014776625,2.9809787551160176,0.040828129940129604,24.492917051709217
-0.21994266641976534,-31.31548843839395,3.254446900837258,0.029083495054749657,34.38376295962713
0.07212624458724315,-29.853718757567272,3.518946771775157,0.004294497312926399,232.8561242755954
-0.13309631461217897,-30.50039833943307,3.5068652080560208,0.025567075049384408,39.112804185400066
-0.11773741697839232,-30.556547510838005,3.7977455766794135,0.0292030394828754,34.24301092310606
-0.01626013661397833,-29.972290500471274,3.8695368262263896,0.018237558236972085,54.83190167271133
0.11284451260605466,-29.97327888965988,4.375289423985798,0.009005325851607274,111.04539874273618
-0.2673199980200832,-31.135139834984926,3.730673917886178,0.048734877395046665,20.519185713631003
0.005897435013727451,-30.696011695585803,3.401051929861263,0.00684001203229338,146.1985732303911
0.06510932117870945,-29.37714432873723,3.618412438006507,0.006884187254620919,145.26042988281054
-0.029326839882033665,-30.68430913897013,3.754385419094051,0.01522279856618006,65.69094346565576
-0.08745837720385048,-30.374045639505745,4.03895316428747,0.030639458425010216,32.637652602362095
-0.1328724608298097,-31.369005213085586,3.0859704568108732,0.014847532635467816,67.35125791952785
-0.5091189296013716,-31.08551643394187,3.952540688229953,0.0967575729800085,10.335108345541224
-0.0630816673960958,-31.096034155670683,3.2059010163114543,0.010033182725277997,99.66927019883336
-0.24281319926479705,-30.833162088305208,3.1053928456691287,0.030966872976586936,32.292572800491286
-0.15857892065505225,-31.043188988559567,3.4897200838284195,0.02651824755176003,37.709882527046155
-0.23016548280181226,-31.709123115503985,2.7994586990888477,0.01996176724539565,50.09576495441096
-0.3578198462992642,-32.359509499039405,2.383460831033876,0.02445508969092761,40.891283272249936
0.052605534824275824,-29.390022496367134,3.9849554627825357,0.013249116482276852,75.47673094562082
-0.3868049380480827,-31.836238728506913,2.2687897914353408,0.026682438059230793,37.47783458843446
-0.4860774492672608,-32.552707801616634,2.694363740253788,0.047483163578779235,21.060096350591756
-0.1685728138725312,-31.045944224630148,3.6392390942411845,0.031172933193494314,32.07911150974707
0.05493490105890073,-30.571477157010655,3.7069433947418755,0.0059001137031198,169.48825909426637
-0.10821954119301835,-30.855236372126853,3.3945069995217168,0.01862233940153683,53.69894611186572
-0.38938086337541467,-30.892912333746906,3.192539670151649,0.05498283429326988,18.187494567234488
-0.1721473982275267,-30.53046746297365,3.6625379355420753,0.03482902563956062,28.71168462617421
-0.04164128536519078,-31.226209282177205,3.3738233714476946,0.009712193399006159,102.96335327325022
0.015355464369567601,-30.219852500475703,4.396799273404774,0.022174528094045024,45.096788340156394
0.060540714937286036,-30.343011049355944,3.8954273621215156,0.007875175833684474,126.98129173480825
0.046147146594603575,-29.572369711098716,4.012115139817455,0.013788904463793748,72.52207763319795
-0.050062008296036076,-29.84506672037786,3.442917872122467,0.015771831450787963,63.40417744890622
-0.18512935644176137,-30.471289661750156,3.2416923892694953,0.027452232385075742,36.426910058638605
-0.10260566718527687,-30.642969328824826,3.5313942662878848,0.021173619162741946,47.2285815813503
-0.041263142314860224,-30.439107164666055,3.661240729123117,0.016125288230480983,62.01439538362733
-0.2543425034418233,-31.191718333156487,3.2389738592164408,0.03416259039270625,29.2717849701907
0.12999642730155714,-31.049308314376827,2.591432129569478,3.489821449706498e-07,2865476.1122065494
-0.07236315668142573,-30.453933525676025,3.6511055634099976,0.020029425236548572,49.92654498019524
-0.16338219336275958,-30.920871511652855,3.763480859302678,0.033771293531896326,29.610947506512286
-0.037072385413681824,-30.53767982938536,3.4144543950644763,0.011558650124779687,86.5152928070881
-0.19470340676483822,-31.17699809131732,3.254443070929033,0.02615408017273134,38.23495199967368
-0.4059021150753006,-32.025642983864614,3.110823096413455,0.0495282512489075,20.190496833300937
-0.09089763755274982,-30.010766686668255,4.34170612025598,0.04072108570678039,24.55730201303282
-0.07900004419119111,-29.413436100690234,4.380259400293577,0.04383892647293499,22.810777554449785
-0.04130795922547584,-30.692876801537302,3.130197602543416,0.008037534294184984,124.41626541158058
0.18789817450995705,-30.07095540915534,3.396529471101129,8.279826368150952e-06,120775.47952534174
0.010459951057204972,-29.807885525147107,4.328828144074043,0.02386374597012324,41.904569435660804
0.07284554756151226,-30.18728698278726,3.981869509257291,0.00802846657208928,124.55678690579215
0.018165409191675946,-29.94427758517033,3.7916036564949764,0.012516144858771597,79.89680618782367
-0.08838440768185543,-30.07964390299498,4.942999159450364,0.0556994714087028,17.953491742540205
-0.19175403379937356,-30.448020266827527,3.5086927894129802,0.03467084148809373,28.84268039307349
0.0077645186472616355,-29.81013214202848,4.041706000160056,0.018652351322359935,53.61254367974653
-0.1727688683210915,-30.75964103226388,3.9835478080288205,0.04145272652333569,24.123865517918418
-0.35091674949956564,-32.478908066878404,2.1693881700654236,0.0192083012635547,52.06082444663508
-0.07215317308853553,-30.930442583460916,3.7475412785563633,0.019834170110907295,50.41804090659057
-0.2359549499154772,-31.340455038043743,3.2038701361601616,0.03011489137093873,33.20616327924109
-0.22605995524962272,-30.963994580804318,3.304847374823166,0.03258344628966658,30.690430690173407
-0.43847456293994713,-31.20438277234436,3.4052046146502857,0.06732169859789201,14.854051826186575
-0.07455925741839867,-30.439443872579304,3.0744117525305317,0.011045496604646302,90.53463468354595
-0.497450932205992,-31.880903960152374,2.4529528079471836,0.044955784868649096,22.24407832989191
-0.03153882088466752,-30.28495897323142,3.8806756351063387,0.01924074040611157,51.973051914486774
-0.29262744200368784,-31.98242351871508,2.9604854137130507,0.030013349187019773,33.318507500405246
-0.22277158703840638,-30.88985968222461,3.4526884946054315,0.03590931569732648,27.84792693987349
-0.11993866155051633,-31.178927414569152,2.884697904939987,0.011115864300029253,89.96151563287512
-0.5182004155603939,-31.839268406903614,2.9529167167423758,0.0626998373382347,15.94900469367238
-0.3288623239746422,-31.391569899825406,3.593177149228839,0.05375392458018375,18.603292835080687
0.08097202771284603,-28.590198475918797,4.469632981280352,0.022322773522834505,44.797300791367874
-0.07163878460951517,-30.63017690786595,3.5340313783818025,0.01718202782414814,58.20034807501416
0.15872414102728888,-28.09490557051538,4.458020737057492,0.012321851566066015,81.15663418263924
0.1453672896179608,-29.66476167270472,3.849481750894207,0.00211129364053249,473.64325871212765
-0.1353161672768483,-30.964366880765773,3.516525573688315,0.024102507419431457,41.48945927483874
-0.6813908633172987,-33.09347517658128,2.408473609794206,0.06346307233439409,15.757194904319903
-0.011686929937626692,-28.562747904129267,5.3489322105719115,0.06625678774259766,15.092793267988183
-0.18639116022746172,-30.20652540771721,4.113530138481222,0.0507871085249633,19.690036094661142
-0.32063759749077897,-30.904710146844316,3.729636690993152,0.05906066685519646,16.931742448011573
-0.5928411415444186,-31.386785471841183,3.0562945379776716,0.07967172701563417,12.551503995937827
0.042505669180715036,-30.120390900993705,4.025891243495581,0.012332494075769718,81.08659885470783
-0.05776793096360602,-30.452663390187716,3.4363755351355136,0.014490007194053859,69.0130782274809
0.08973135878444566,-29.082417486254844,3.582098646346587,0.005038205632352048,198.4833635170936
-0.22988764974023645,-30.531362851967685,3.5560037447090074,0.04145303359490797,24.12368681559746
-0.07652879926628187,-30.836860747017454,3.5306843979991993,0.0170111697607002,58.784905098662584
0.1861723859776419,-29.412995560525825,4.0661312056279915,0.001400758716096244,713.8988239080081
-0.014486575907313604,-30.447349847762816,3.389414456559792,0.009148281208623073,109.31015096665487
-0.2102634683707006,-31.14079671794589,3.233774021394703,0.02800059515410312,35.71352660528943
-0.36504428644996245,-31.984721808803798,3.1506260037850593,0.044700728509460115,22.371000056260108
0.17655756772394188,-28.96161146833702,4.407087200582803,0.005605514594359482,178.39575353282365
-0.28612818008100505,-31.20817646138991,2.5211542243903073,0.022467156489734942,44.509415352890414
0.01868382123060175,-30.36588271799748,4.039876453876019,0.014698700401817654,68.03322556845495
0.02920151384712734,-29.248751159622714,3.413131075475396,0.008300929201492946,120.46844102948705
-0.16381205384720943,-31.390710888651974,3.473506489191519,0.025501091145487764,39.21400830634429
0.10654850812084128,-29.59252758289286,3.5824608394786432,0.002879988291614666,347.2236338292021
0.09604852331643993,-29.904164310506562,4.303126906795885,0.010352713614546512,96.59303224566246
0.07650718774580878,-30.450235497448908,3.91590684195284,0.006276797000954397,159.31692547137473
-0.21233002422006444,-31.574818796546563,3.203841681725151,0.025980483341880096,38.49043094544808
0.24285816331084797,-28.821157290978633,4.216662274624396,0.0003661416403730883,2731.1834812916322
0.05628530094050534,-30.263550160950285,3.370288277658248,0.003580219436669051,279.31248843517136
0.020465872932167138,-30.61766439362146,3.568957644972584,0.007469350852829954,133.88044285282496
-0.40615753215699624,-31.205559562556378,3.7185290207650876,0.07132274760863996,14.02077224348072
-0.05008057138889195,-29.71513938760832,3.4325800378674325,0.01608236797489189,62.17989798276098
-0.09661647060208288,-31.422231718126188,3.247024967170103,0.013174202471764224,75.90592312083123
-0.32406035436415964,-32.0245102435015,2.9090392124802733,0.03287900451510696,30.414546144197544
-0.10304106348888686,-30.694820461390506,2.9489780100430014,0.011498840809273922,86.96528777000641
0.02071114966577698,-30.608795092906604,3.368290331288311,0.005494325051662305,182.00597718503212
-0.043812915295159585,-31.49572725170293,2.917408632557961,0.004858144235678465,205.83991571430667
-0.1757312373356334,-31.09343352866909,4.003819048990145,0.040521993462860874,24.67795669816979
0.25126125063865656,-28.837390293898657,4.74692541389358,0.0021865470254954352,457.3420961634322
-0.005857512487222331,-29.254335275214167,4.304093934388529,0.029516614868165463,33.87922376825567
-0.32941229627989266,-31.327464471251798,3.1203829979496245,0.041654599762117085,24.006952550518882
-0.10385937431348724,-31.106057161360756,3.4017626821733584,0.01734260734276443,57.66145656392396
0.16153589944292165,-29.780763433619228,3.987730333211294,0.0018132300061416502,551.5020138718571
-0.30272708284930056,-30.92324654644228,2.602105391330965,0.027098814749924257,36.901982954911155
0.2240656425509383,-28.453414422722823,4.323174789786831,0.002086841533838401,479.1930694232757
-0.12045452887644958,-30.364876424220896,3.77278070744551,0.030050746622413315,33.27704341475999
0.09036346099738966,-29.738002245518658,3.921123068649027,0.006813995617540884,146.75677181619497
-0.5870475057405146,-31.980622331403175,2.3309745971191838,0.05287966617302499,18.910860683725737
-0.27580706870980665,-31.54662673998097,3.104284380813959,0.03260550119138909,30.66967117389669
-0.6879904159943768,-32.471792002560406,2.1506070297224236,0.058461132667832184,17.105381889910642
-0.025889189162049235,-29.77200234471842,4.336518697868533,0.030462460710509752,32.82728895420433
0.09865895489289084,-28.435197993480685,4.949237658538154,0.031573466945097134,31.672163267305823
-0.12624351104110787,-30.207718934122646,4.024347458183546,0.037801949687533434,26.45366200066094
-0.1738553375816198,-30.696222960092186,2.9836685201973934,0.019873142062160475,50.319169302576135
0.02400100448937462,-30.499136337832546,3.4711855229393356,0.006408894124127091,156.03315964221875
-0.2888182308804304,-31.280598919351156,3.1726899289232233,0.03720783195081932,26.87606204311455
-0.05747496983933326,-31.16548604347961,3.437768376002558,0.012326998679026454,81.1227473968527
-0.11175449883765844,-30.934573853983103,3.7280858900714184,0.025064926134505606,39.89638727174827
-0.5062220186846774,-31.29327872121066,3.757405237063388,0.0887103070306657,11.272647265828045
-0.11527753113344397,-31.45472471629224,3.531649475778237,0.019810773888000708,50.47758384672167
0.181697439549512,-30.22295651238417,3.6587405123827756,0.00012149836552434017,8230.563396341877
-0.164403254121628,-31.470325425416974,3.5921124226736607,0.027657930684490753,36.15599487205137
-0.09146269759396874,-30.729969817731174,3.6319865612081643,0.021182178520205104,47.20949731615788
-0.009529779196600443,-30.617502592990384,3.728160540983528,0.012631346488780575,79.16812359539189
-0.06013731217133893,-30.27984383624353,4.002442636847631,0.0259447385539006,38.54346028280394
-0.37928785654438335,-31.283304170287707,3.2509135305232784,0.0529699265756657,18.878636702875824
0.18163202496577746,-29.580361087558575,4.1808065601071664,0.0019875787540552816,503.1247179311449
-0.02533356216087667,-28.213294833728547,3.6440588488419614,0.023953976646800747,41.74672183850352
-0.5491180919740932,-31.80104132521086,2.8044451690618626,0.06294290056844734,15.887415275890387
0.0635989404689765,-30.043663362054883,3.7823628964053837,0.007105197455030296,140.74204219223012
-0.09794201935983783,-30.701345951596767,3.107695820006455,0.01324193264317975,75.51767758878077
-0.17468030402053583,-31.24642672864083,3.1111939921786282,0.020506624347536105,48.764730023454646
-0.39587409003533447,-32.344559869739854,2.3654694685578788,0.02843576414568345,35.166981793657904
-0.37529911590702003,-31.940454813927317,3.129941854519585,0.04588198450365182,21.795046810157228
-0.009873165759945159,-29.819025157530266,4.467900865951224,0.03033423894774747,32.96604875179362
-0.11481227429304822,-31.06350552488167,3.180167288625608,0.015174026615902609,65.90208553819096
0.18793547326983534,-30.127526484494517,3.4246079315952453,1.0024828908103377e-05,99752.32586679552
0.07503848697331678,-30.109021865008994,3.917005555516206,0.007286996635943908,137.23074813392813
-0.06348693764686841,-31.14889897781566,2.8791249235785736,0.006375764140708412,156.84394496577
-0.5552604827138473,-31.370353754110074,2.8103683942410322,0.06617981150619233,15.110348265443937
-0.2919700371745994,-32.118595106137064,2.8512134158149167,0.027126170436819287,36.86476874165273
0.16146072857653074,-29.91566595292251,3.962462163437617,0.001538806656681314,649.854220254455
-0.20716963885163603,-31.383775126519176,3.6967673639122127,0.036816142221257175,27.161998505715587
0.004086204706871802,-29.91636717102049,4.344088676645589,0.024623404352630045,40.61176861164566
0.16715820703981554,-29.509694474034866,4.232267495037272,0.003432880234378031,291.3005790256414
-0.24201581594424731,-31.260461151605288,3.2360994751774923,0.032023065337185824,31.227491480610382
0.1667746052737337,-29.532650429791047,4.24696009060294,0.0035278772221348795,283.4565765854103
-0.10094324788849914,-31.427050791547412,3.276691162945152,0.01406077958907073,71.11981193256793
-0.0658733273887831,-30.54711272548672,3.193210743721107,0.011515907974602354,86.8364007601867
-0.03396831578151159,-31.22381404597251,3.3483270725601315,0.008692608417906724,115.04026776818863
0.014924840979686979,-29.467827627921338,3.9460168020050914,0.017457400632245233,57.28229654951717
-0.0886269823614721,-30.218280980567258,3.410056500844228,0.01872332300863138,53.409322668791425
-0.39261609668749065,-32.01733208316581,3.221035761391236,0.050523658758419965,19.792707507219994
-0.025413094666654253,-29.00699104348778,4.102101659471479,0.029799877697837096,33.557184701888254
-0.022065995523480125,-30.721532661334802,3.442793638031481,0.009863956848420256,101.37919451261115
0.07246747869504327,-30.52307645421334,3.469045726619318,0.002898274602610824,345.0328685553743
0.18986276121629814,-28.620725669054046,3.7747796586870535,0.0009092854655028073,1099.764637112098
0.023763674347350168,-30.358193620835728,3.0588116039425435,0.003275780800647114,305.2707311192663
-0.055192747965877205,-31.209094966527346,3.158617223760671,0.008499809351844446,117.6496976115119
0.30012152944190207,-26.494721037361664,5.655916634376856,0.026317524200376603,37.997495219770336
0.046946868082722304,-30.522853399690504,3.035598838316059,0.0018612934712323084,537.2607895830253
-0.4513469585619251,-32.22627579594509,2.7896190078346366,0.046572793747479115,21.471763223440462
-0.2058452478434999,-31.38445790433331,3.726676742958019,0.03730151319921817,26.808563895497937
-0.011730287440386726,-29.79113839806722,4.308308023788543,0.027256695878599503,36.688232662314235
-0.33352176766402897,-31.377365362609474,3.6771174733371055,0.05690079127702922,17.57444804469176
-0.1401140526540169,-31.232603585312056,2.5635279779975475,0.00873062443982906,114.53934445261505
-0.22260710359770136,-31.32471558963647,3.207882455026202,0.028414708865848442,35.19304050311412
0.06087219720080154,-29.3863126558824,4.275738991764893,0.017072598118954244,58.57339304963699
0.006888781733175418,-30.23582455183199,3.9362151529202265,0.01511495643997278,66.15963492659598
-0.479025984810332,-31.61371750063047,2.9232864081848504,0.05709559672785223,17.514485482418692
-0.08909874847417812,-30.622765672477698,4.204510086946265,0.033245702493979554,30.07907563935788
-0.12669582355481618,-30.847721843344125,3.64457254183338,0.02594355524935942,38.545218278234685
-0.05444417575104536,-31.800424716556055,2.8764692891225794,0.004816599052461528,207.6153711588157
-0.04386537736814759,-29.798269881161666,4.365367110488893,0.03417473478215978,29.26138290097366
-0.1680738953180801,-31.04868530783054,2.9001363469992842,0.01662687087904568,60.143607734409514
-0.3338749946312841,-31.44426672493848,3.1673032693275776,0.04298056784845403,23.266328251546568
-0.09827767243635088,-31.17844111849044,3.295461159447308,0.014754403536751117,67.77637588053915
-0.08021521595033998,-30.839473280248875,3.418227609182348,0.015616967746733225,64.03291703084814
0.145370619181227,-27.551763744088625,5.041394959864059,0.0325351018197122,30.736034131423104
0.03336347274584284,-29.308363912061996,4.779028545774992,0.03322293053773941,30.099692706639928
-0.28583020945080495,-31.523010626627546,2.7907781620967644,0.027071677850077108,36.93897384336493
0.06611237646636442,-30.619887961725862,4.02534640493118,0.008019880493355233,124.69013731919533
-0.003997952301908211,-30.224179777157154,3.6950694404927766,0.01278987991534239,78.18681696928424
0.10848444318870787,-29.976758558943096,4.183504271793905,0.007192465904896796,139.03437475027542
-0.21082868416612816,-31.786323521695437,2.8004654825604653,0.017609796831922302,56.786572244106864
-0.006682378223412616,-30.416640872663066,3.919919837600091,0.0159467595823196,62.708664718863275
-0.11290631816854191,-31.175460840584577,3.1757643965393,0.014570514309010905,68.63175717699723
-0.1649006446897025,-29.34250597493854,3.402775603659035,0.0337680377622747,29.613802467290224
-0.16270124100753403,-30.670264889635995,3.5938084244226833,0.03106183125431487,32.193852056326776
-0.3725038416648899,-32.33145864320045,1.8736407930822403,0.016071538076554266,62.22179826452552
-0.2785106669931576,-31.309371917700727,3.471632941050456,0.04292867359289984,23.29445371369206
0.11893381577676831,-30.043612030535016,3.5477838077663195,0.0015179536007249982,658.7816646848655
-0.11509909624662368,-29.631500531690833,3.6799789827880582,0.030993904570562593,32.26440856212032
-0.031534550405874925,-30.781176024429723,3.7928676409080033,0.015769216351072028,63.41469212780619
-6.4835768808666145,-33.76391271625596,1.530695054992746,0.39603752922420876,2.525013227809201
-0.2816850324688447,-30.76449876393424,3.5366939839950398,0.04805668866240297,20.80875790308764
-0.1504555094264799,-30.18561541260842,3.6491477800580414,0.032891330315696944,30.4031485014993
0.03897576912765753,-30.664949991024884,3.390890521638115,0.0042630074387889245,234.5761799289962
-0.49433732437376265,-31.992183621076357,2.931207117348812,0.057772854447489023,17.30916724755086
-0.6281340956960342,-31.524414821879397,3.402561202590203,0.09558428599811368,10.46197070530751
-0.21071250602437533,-30.960728224057014,2.725981667544935,0.01859444011277106,53.77951656168332
-0.01834968387673286,-30.05428060385039,3.849512349794037,0.01781755100722951,56.12443593366158
-0.013653625802599153,-30.345901373440338,3.661445353556315,0.013035076278526802,76.71608348371076
-0.14695537954478563,-29.566800309993354,4.148186357150606,0.0491057803342173,20.364201387167284
0.022192169853900226,-30.38226869172979,3.6146032768132352,0.008388285535854424,119.21387221806593
-0.38832054743452615,-31.34131746773417,3.1444735209677024,0.05110050083010741,19.56927982613469
-0.2617665302641987,-31.075969705478443,3.705387763294727,0.0474885902003437,21.05768976887342
-0.03233764162815366,-29.408561193065786,4.645880646373707,0.04192533984341584,23.851923532041322
-0.04969645682333804,-30.435891035678132,3.60782086144845,0.0163293829886142,61.23930100097832
-0.09163599855366626,-30.653404241621374,4.041362247084816,0.02986684950789872,33.48193788352319
-0.2423741628142541,-31.60058937072609,3.011947639236202,0.025909676177354374,38.595619379991405
-0.12789120559979805,-30.67484086000055,3.108655203910039,0.016691654259999474,59.910179328147166
-0.11556446176160978,-31.087699545116223,3.5506668412316422,0.02154785485779188,46.408331901232934
-0.02048061609778036,-29.186303643244205,4.049142486171584,0.02659901323899299,37.595379611076844
-0.6956449702602707,-32.43687228522724,2.7095129755471627,0.07802567510603255,12.816294106280473
-0.09003483675406142,-30.153462788884568,3.498673866997806,0.020828216529921468,48.011792011256304
-0.03109295898647866,-30.660972307063858,3.703173102506616,0.01472217786889375,67.92473293729752
0.038283766180415145,-29.5560796733632,4.065937379881454,0.01584515056336651,63.110791910805105
-0.25784641411771286,-31.13675244516736,3.6515344099019065,0.045113274109204654,22.16642484381256
-0.0453240016421571,-30.63894146258685,3.4904184971027155,0.013264844374963357,75.38723951314826
-0.07563941361352945,-30.87574328256605,3.936979722727851,0.02411543204958791,41.467223060475426
-0.0899002845835476,-31.483777196279068,3.2729243872164053,0.012663383225979472,78.96783838527901
0.01871629201157019,-30.168154643173956,4.283875020298478,0.019760232289802084,50.60669253954483
-0.3404852475475457,-30.85487178428479,3.280760286694517,0.04999761990451357,20.000952083515568
-0.022725191286738604,-30.528407696091946,4.004675273338205,0.01916455155765913,52.17967125353106
0.13748058838185084,-28.858576255874777,4.076757401295924,0.006341542856799951,157.69033223952962
-0.09740801418675768,-30.206614720897765,4.152513394298451,0.03593530747025762,27.827784716400846
-0.003949589286433637,-29.033929759643225,4.391329576263125,0.03280287131220172,30.485136209037556
0.1910875071925897,-29.02935484487137,4.470204011676731,0.004586339731444861,218.03879750638626
-0.251043937700759,-31.817434502781794,2.537527268617017,0.017306367136055933,57.782201899358114
-0.3613099792464807,-30.71872685821654,3.2188214618941418,0.05227842910267995,19.128348291336415
-0.05583273759670647,-30.353261119644976,3.648358785029817,0.018141659700425607,55.121748313719046
-0.0008263746804080611,-29.691385668862857,4.002872201971004,0.019768556009892777,50.58538415752623
-0.0797610017478422,-30.719632321075046,3.8720486498122884,0.02416768719307915,41.37756302499512
0.03958917352502796,-30.342450947662485,3.8640920253713222,0.009720503791702645,102.87532636462662
-0.3357270248806131,-30.241967124422963,3.3312279758810637,0.05416184961988725,18.463180393913618
0.14236219503424255,-30.351527304473635,3.158953815772973,8.44680102540369e-05,11838.8014230773
-0.2338819964810548,-31.87570047991405,2.645423543405223,0.017218927810849858,58.07562532261084
-0.1716185089750732,-31.22144045229901,3.3006001373735327,0.023800490094551718,42.01594152167962
-0.5976517491276665,-32.02797212898651,2.4997721754873554,0.05936302360535445,16.84550313083786
0.017218899119753127,-30.232993831005242,3.8917848407423223,0.013101242669613546,76.32863730700574
-0.35397059902796746,-31.68716653914545,2.643705559450834,0.03184599798572565,31.401119865931996
-0.08123806203987778,-30.958872389649073,3.3993389960885,0.015059054881098778,66.40522980330857
-0.3357652554015951,-31.154199350782623,3.2590372947658226,0.04709671149449328,21.23290497929826
-0.45860253134666784,-32.36178221636581,2.7908663337349093,0.04706336861971054,21.24794780586937
-0.14931364906290417,-29.988573523195626,3.798490210946251,0.037441191173669286,26.708551962504206
-0.27431074086907475,-31.266163658988336,2.745065428156157,0.025529597766067585,39.17022152731055
-0.007647646855931864,-30.553862982699147,3.520091845477193,0.009803547328548483,102.00389374241541
-0.013922056427257926,-30.31251245997108,3.3500051404548703,0.008951463864894224,111.71357166751146
-0.0578688292388276,-31.299535879811827,2.83461828563241,0.0053579821302934105,186.63742724077332
0.053091854665065386,-30.103799162434733,3.9194041563619777,0.009659262594325708,103.52757161684843
-0.053237911608007595,-31.181912360093207,3.441696881089114,0.011878470282359546,84.18592430079805
0.18220530696113846,-28.25710989527041,4.546560789108654,0.009522158678884276,105.01820372071045
-0.3087564553167885,-31.67129988513311,2.755556613822333,0.02869333049245262,34.85130456581316
-0.4961374049281617,-31.07130145924816,3.119147513192882,0.06851630324376143,14.595066468228529
-0.20079969165760336,-30.601479413020797,3.9171024654856446,0.045517747154277324,21.96945285122771
0.024663287452315268,-29.409812437879367,4.243675066907031,0.022029461930093447,45.393755107288634
-0.36217180429335866,-31.5048777778685,3.6063143738568653,0.058932999857415715,16.968421808145358
-0.052245875824712074,-30.666082342353366,4.105302318525098,0.024865455956406542,40.216435272820796
0.04275627872258724,-29.107792657900944,3.9231768521957893,0.014770566433201123,67.70221064455663
-0.09958043261474883,-31.196498113603397,3.9985624046067834,0.027501432517590012,36.36174222416947
0.042481986525884974,-30.64090228314743,3.5303011006378204,0.00518191028979451,192.9790258950344
-0.0679042496839285,-30.213813814646794,3.461503629511047,0.016983087975465768,58.8821068020508
-0.21666151175897627,-31.25404508006624,2.803426899545401,0.019821977162404206,50.449054189037824
0.1487875695949576,-29.69918879580409,3.7178613307373545,0.001291734679577775,774.1527852506574
0.051534225880262664,-30.005767342813982,3.708520703557606,0.007556502844838117,132.33634930516897
-0.05067476459381246,-31.854865713857723,3.027406686549665,0.005724082009447305,174.70050190572934
-0.6401406699971781,-32.16220320170348,2.153669549303471,0.05356615099889072,18.668505788678164
-0.27864899794684983,-30.68009300138955,3.8223093253883538,0.05590029695015423,17.888992627207163
-0.2424867363868312,-31.388631448059655,3.1431065743263105,0.02949416877315127,33.905007043639976
-0.040715578526541715,-30.380903497595938,3.826373390705794,0.01914004551041996,52.24647974089684
0.0901614937921161,-29.891949585941244,4.334226983979894,0.011593188353973159,86.25754792099838
-0.24605241200914252,-31.317247150647468,3.109323679048945,0.029524589259160856,33.87007322006084
-0.4760090278304648,-31.299507257708466,3.068676814675487,0.06258171220739486,15.979108987718567
-0.3661266101482233,-31.130686626998823,3.4187123421067245,0.05643574288394077,17.71926706194839
